id,title,description,availability,condition,price,link,image_link,brand,google_product_category,product_type
serum-demaquillante-de-ojos-y-labios,Sérum Demaquillante de Ojos y Labios,Elimina maquillaje a prueba de agua sin irritar. Ideal para ojos sensibles. Presentación: Frasco 70 ml. Producto original LACA. Asesoramiento personalizado por WhatsApp y envíos a todo el país (gratis desde $70.000).,in stock,new,39049 ARS,https://espanholsmo-design.github.io/silvina-beauty/#catalogo,https://espanholsmo-design.github.io/silvina-beauty/fotos/serum-demaquillante-de-ojos-y-labios.webp,LACA,Health & Beauty > Personal Care > Cosmetics > Skin Care,Cuidados Básicos
serum-demaquillante-protector,Sérum Demaquillante Protector,Sérum antiage que retira el maquillaje y protege el área de los párpados con vitamina E. Presentación: Frasco 70 ml. Producto original LACA. Asesoramiento personalizado por WhatsApp y envíos a todo el país (gratis desde $70.000).,in stock,new,39049 ARS,https://espanholsmo-design.github.io/silvina-beauty/#catalogo,https://espanholsmo-design.github.io/silvina-beauty/fotos/serum-demaquillante-protector.webp,LACA,Health & Beauty > Personal Care > Cosmetics > Skin Care,Cuidados Básicos
leche-de-limpieza-con-fitoflavonas-de-soja,Leche de Limpieza con Fitoflavonas de Soja,"Elimina impurezas y maquillaje, humecta y atenúa el enrojecimiento. Presentación: Frasco 100 ml. Producto original LACA. Asesoramiento personalizado por WhatsApp y envíos a todo el país (gratis desde $70.000).",in stock,new,26400 ARS,https://espanholsmo-design.github.io/silvina-beauty/#catalogo,https://espanholsmo-design.github.io/silvina-beauty/fotos/leche-de-limpieza-con-fitoflavonas-de-soja.webp,LACA,Health & Beauty > Personal Care > Cosmetics > Skin Care,Cuidados Básicos
leche-de-limpieza-con-regaliz-y-activos-vegetales,Leche de Limpieza con Regaliz y activos vegetales,Libera la piel de impurezas y exceso de oleosidad. Apta para pieles sensibles. Presentación: Frasco 100 / 250 / 500 ml. Producto original LACA. Asesoramiento personalizado por WhatsApp y envíos a todo el país (gratis desde $70.000).,in stock,new,41000 ARS,https://espanholsmo-design.github.io/silvina-beauty/#catalogo,https://espanholsmo-design.github.io/silvina-beauty/fotos/leche-de-limpieza-con-regaliz-y-activos-vegetales.webp,LACA,Health & Beauty > Personal Care > Cosmetics > Skin Care,Cuidados Básicos
gel-de-limpieza-protector,Gel de Limpieza Protector,"Mantiene la piel libre de microorganismos. Para pieles acnéicas, grasas o seborreicas. Presentación: Frascos 100 / 250 ml. Producto original LACA. Asesoramiento personalizado por WhatsApp y envíos a todo el país (gratis desde $70.000).",in stock,new,27060 ARS,https://espanholsmo-design.github.io/silvina-beauty/#catalogo,https://espanholsmo-design.github.io/silvina-beauty/fotos/gel-de-limpieza-protector.webp,LACA,Health & Beauty > Personal Care > Cosmetics > Skin Care,Cuidados Básicos
crema-de-limpieza-con-fitoesteroles-de-soja-y-malva,Crema de Limpieza con Fitoesteroles de Soja y Malva,"Limpia en profundidad sin masaje excesivo, protege y descongestiona. Presentación: Pote 160 / 250 gr. Producto original LACA. Asesoramiento personalizado por WhatsApp y envíos a todo el país (gratis desde $70.000).",in stock,new,30250 ARS,https://espanholsmo-design.github.io/silvina-beauty/#catalogo,https://espanholsmo-design.github.io/silvina-beauty/fotos/crema-de-limpieza-con-fitoesteroles-de-soja-y-malva.webp,LACA,Health & Beauty > Personal Care > Cosmetics > Skin Care,Cuidados Básicos
dermopulido-gel-con-extractos-frutales,Dermopulido Gel con extractos frutales,Acelera la renovación natural y prepara la piel para el tratamiento posterior. Presentación: Pomo 70 g / Frasco 235 ml. Producto original LACA. Asesoramiento personalizado por WhatsApp y envíos a todo el país (gratis desde $70.000).,in stock,new,28380 ARS,https://espanholsmo-design.github.io/silvina-beauty/#catalogo,https://espanholsmo-design.github.io/silvina-beauty/fotos/dermopulido-gel-con-extractos-frutales.webp,LACA,Health & Beauty > Personal Care > Cosmetics > Skin Care,Cuidados Básicos
scrub-facial,Scrub Facial,Elimina impurezas y células muertas sin producir hiperemia. Presentación: Pote 250 g. Producto original LACA. Asesoramiento personalizado por WhatsApp y envíos a todo el país (gratis desde $70.000).,in stock,new,58000 ARS,https://espanholsmo-design.github.io/silvina-beauty/#catalogo,https://espanholsmo-design.github.io/silvina-beauty/fotos/scrub-facial.webp,LACA,Health & Beauty > Personal Care > Cosmetics > Skin Care,Cuidados Básicos
mascara-destello-vital,Máscara Destello Vital,Antioxidante cutáneo que mejora la microcirculación y devuelve luminosidad. Presentación: Pote 180 / 280 gr. Producto original LACA. Asesoramiento personalizado por WhatsApp y envíos a todo el país (gratis desde $70.000).,in stock,new,45000 ARS,https://espanholsmo-design.github.io/silvina-beauty/#catalogo,https://espanholsmo-design.github.io/silvina-beauty/fotos/mascara-destello-vital.webp,LACA,Health & Beauty > Personal Care > Cosmetics > Skin Care,Cuidados Básicos
brume-radiant,Brume Radiant,"Favorece la luminosidad, atenúa el enrojecimiento y reduce la hiperpigmentación. Presentación: Frascos 100 y 250 ml. Producto original LACA. Asesoramiento personalizado por WhatsApp y envíos a todo el país (gratis desde $70.000).",in stock,new,23430 ARS,https://espanholsmo-design.github.io/silvina-beauty/#catalogo,https://espanholsmo-design.github.io/silvina-beauty/fotos/brume-radiant.webp,LACA,Health & Beauty > Personal Care > Cosmetics > Skin Care,Cuidados Básicos
aire-libre-repelente-de-insectos,Aire Libre Repelente de insectos,Repele insectos con protección de 5 horas. Amigable con piel y mascotas. Presentación: Frasco 100 ml. Producto original LACA. Asesoramiento personalizado por WhatsApp y envíos a todo el país (gratis desde $70.000).,in stock,new,9130 ARS,https://espanholsmo-design.github.io/silvina-beauty/#catalogo,https://espanholsmo-design.github.io/silvina-beauty/fotos/aire-libre-repelente-de-insectos.webp,LACA,Health & Beauty > Personal Care > Cosmetics > Skin Care,Cuidados Básicos
monodosis-vitamina-c-plus,Monodosis Vitamina C Plus,Piel más luminosa y joven con vitamina C estabilizada por tecnología enzimática. Presentación: 10 ampollas x 2 ml. Producto original LACA. Asesoramiento personalizado por WhatsApp y envíos a todo el país (gratis desde $70.000).,in stock,new,55660 ARS,https://espanholsmo-design.github.io/silvina-beauty/#catalogo,https://espanholsmo-design.github.io/silvina-beauty/fotos/monodosis-vitamina-c-plus.webp,LACA,Health & Beauty > Personal Care > Cosmetics > Skin Care,Dermocosmética Dr. Enero
monodosis-hialuron-plus,Monodosis Hialurón Plus,Mayor hidratación y relleno en arrugas profundas. Presentación: 10 ampollas x 2 ml. Producto original LACA. Asesoramiento personalizado por WhatsApp y envíos a todo el país (gratis desde $70.000).,in stock,new,61600 ARS,https://espanholsmo-design.github.io/silvina-beauty/#catalogo,https://espanholsmo-design.github.io/silvina-beauty/fotos/monodosis-hialuron-plus.webp,LACA,Health & Beauty > Personal Care > Cosmetics > Skin Care,Dermocosmética Dr. Enero
neodermis-ampollas-de-elastina,Neodermis Ampollas de Elastina,Tonifica y humecta en profundidad. Presentación: 10 ampollas x 2 ml. Producto original LACA. Asesoramiento personalizado por WhatsApp y envíos a todo el país (gratis desde $70.000).,in stock,new,38060 ARS,https://espanholsmo-design.github.io/silvina-beauty/#catalogo,https://espanholsmo-design.github.io/silvina-beauty/fotos/neodermis-ampollas-de-elastina.webp,LACA,Health & Beauty > Personal Care > Cosmetics > Skin Care,Dermocosmética Dr. Enero
piel-firm-ampollas-de-colageno,Piel Firm Ampollas de Colágeno,Hidratan y disminuyen el enrojecimiento en todo tipo de pieles. Presentación: 10 ampollas x 2 ml. Producto original LACA. Asesoramiento personalizado por WhatsApp y envíos a todo el país (gratis desde $70.000).,in stock,new,57860 ARS,https://espanholsmo-design.github.io/silvina-beauty/#catalogo,https://espanholsmo-design.github.io/silvina-beauty/fotos/piel-firm-ampollas-de-colageno.webp,LACA,Health & Beauty > Personal Care > Cosmetics > Skin Care,Dermocosmética Dr. Enero
monodosis-c,Monodosis C,Mantiene el balance hidrolipídico y combate radicales libres. Presentación: 10 ampollas x 2 ml. Producto original LACA. Asesoramiento personalizado por WhatsApp y envíos a todo el país (gratis desde $70.000).,in stock,new,62040 ARS,https://espanholsmo-design.github.io/silvina-beauty/#catalogo,https://espanholsmo-design.github.io/silvina-beauty/fotos/monodosis-c.webp,LACA,Health & Beauty > Personal Care > Cosmetics > Skin Care,Dermocosmética Dr. Enero
monodosis-r,Monodosis R,Atenúa arrugas por acción del Argireline y devuelve aspecto joven. Presentación: 10 ampollas x 2 ml. Producto original LACA. Asesoramiento personalizado por WhatsApp y envíos a todo el país (gratis desde $70.000).,in stock,new,63800 ARS,https://espanholsmo-design.github.io/silvina-beauty/#catalogo,https://espanholsmo-design.github.io/silvina-beauty/fotos/monodosis-r.webp,LACA,Health & Beauty > Personal Care > Cosmetics > Skin Care,Dermocosmética Dr. Enero
monodosis-d,Monodosis D,Suaviza y atenúa el enrojecimiento por radicales libres y rayos UV. Presentación: 10 ampollas x 2 ml. Producto original LACA. Asesoramiento personalizado por WhatsApp y envíos a todo el país (gratis desde $70.000).,in stock,new,54340 ARS,https://espanholsmo-design.github.io/silvina-beauty/#catalogo,https://espanholsmo-design.github.io/silvina-beauty/fotos/monodosis-d.webp,LACA,Health & Beauty > Personal Care > Cosmetics > Skin Care,Dermocosmética Dr. Enero
colageno-iii,Colágeno III,"Mejora la producción de colágeno joven, humectación y turgencia. Presentación: Gotero 20 ml. Producto original LACA. Asesoramiento personalizado por WhatsApp y envíos a todo el país (gratis desde $70.000).",in stock,new,38280 ARS,https://espanholsmo-design.github.io/silvina-beauty/#catalogo,https://espanholsmo-design.github.io/silvina-beauty/fotos/colageno-iii.webp,LACA,Health & Beauty > Personal Care > Cosmetics > Skin Care,Dermocosmética Dr. Enero
hialuron,Hialurón,Voluminiza e hidrata todo tipo de pieles en forma inmediata. Presentación: Gotero 20 ml. Producto original LACA. Asesoramiento personalizado por WhatsApp y envíos a todo el país (gratis desde $70.000).,in stock,new,42680 ARS,https://espanholsmo-design.github.io/silvina-beauty/#catalogo,https://espanholsmo-design.github.io/silvina-beauty/fotos/hialuron.webp,LACA,Health & Beauty > Personal Care > Cosmetics > Skin Care,Dermocosmética Dr. Enero
serum-con-dmae,Sérum con DMAE,Previene la flaccidez y mejora la apariencia de las arrugas. Presentación: Gotero 20 ml. Producto original LACA. Asesoramiento personalizado por WhatsApp y envíos a todo el país (gratis desde $70.000).,in stock,new,41470 ARS,https://espanholsmo-design.github.io/silvina-beauty/#catalogo,https://espanholsmo-design.github.io/silvina-beauty/fotos/serum-con-dmae.webp,LACA,Health & Beauty > Personal Care > Cosmetics > Skin Care,Dermocosmética Dr. Enero
restaurador-epidermico,Restaurador Epidérmico,Recupera el Factor Natural de Humectación tras tratamientos intensos. Presentación: Gotero 20 ml. Producto original LACA. Asesoramiento personalizado por WhatsApp y envíos a todo el país (gratis desde $70.000).,in stock,new,67000 ARS,https://espanholsmo-design.github.io/silvina-beauty/#catalogo,https://espanholsmo-design.github.io/silvina-beauty/fotos/restaurador-epidermico.webp,LACA,Health & Beauty > Personal Care > Cosmetics > Skin Care,Dermocosmética Dr. Enero
serum-ionizable-con-vitamina-c,Sérum Ionizable con Vitamina C,"Antioxidante y protector, ayuda a un aspecto firme y de color uniforme. Presentación: Gotero 20 ml. Producto original LACA. Asesoramiento personalizado por WhatsApp y envíos a todo el país (gratis desde $70.000).",in stock,new,41030 ARS,https://espanholsmo-design.github.io/silvina-beauty/#catalogo,https://espanholsmo-design.github.io/silvina-beauty/fotos/serum-ionizable-con-vitamina-c.webp,LACA,Health & Beauty > Personal Care > Cosmetics > Skin Care,Dermocosmética Dr. Enero
oleo-multivitaminico-con-rosa-mosqueta,Óleo Multivitamínico con Rosa Mosqueta,"Repara el epitelio; útil también para cabello dañado, uñas y estrías. Presentación: Gotero 20 ml. Producto original LACA. Asesoramiento personalizado por WhatsApp y envíos a todo el país (gratis desde $70.000).",in stock,new,48290 ARS,https://espanholsmo-design.github.io/silvina-beauty/#catalogo,https://espanholsmo-design.github.io/silvina-beauty/fotos/oleo-multivitaminico-con-rosa-mosqueta.webp,LACA,Health & Beauty > Personal Care > Cosmetics > Skin Care,Dermocosmética Dr. Enero
gel-fortalecedor-con-biotina,Gel Fortalecedor con Biotina,Mejora el crecimiento de uñas débiles y estimula pestañas y cejas. Presentación: Gotero 20 ml. Producto original LACA. Asesoramiento personalizado por WhatsApp y envíos a todo el país (gratis desde $70.000).,in stock,new,46200 ARS,https://espanholsmo-design.github.io/silvina-beauty/#catalogo,https://espanholsmo-design.github.io/silvina-beauty/fotos/gel-fortalecedor-con-biotina.webp,LACA,Health & Beauty > Personal Care > Cosmetics > Skin Care,Dermocosmética Dr. Enero
locion-con-agentes-sanitizantes-de-accion-prolongada,Loción con Agentes Sanitizantes de acción prolongada,"Bactericida y fungicida, acondiciona la piel antes y después del tratamiento. Presentación: Frasco 250 ml. Producto original LACA. Asesoramiento personalizado por WhatsApp y envíos a todo el país (gratis desde $70.000).",in stock,new,20350 ARS,https://espanholsmo-design.github.io/silvina-beauty/#catalogo,https://espanholsmo-design.github.io/silvina-beauty/fotos/locion-con-agentes-sanitizantes-de-accion-prolongada.webp,LACA,Health & Beauty > Personal Care > Cosmetics > Skin Care,Dermocosmética Dr. Enero
serum-lifting-tensor,Sérum Lifting Tensor,"Efecto tensor inmediato en el contorno de ojos, promueve colágeno. Presentación: Frasco 15 ml. Producto original LACA. Asesoramiento personalizado por WhatsApp y envíos a todo el país (gratis desde $70.000).",in stock,new,38500 ARS,https://espanholsmo-design.github.io/silvina-beauty/#catalogo,https://espanholsmo-design.github.io/silvina-beauty/fotos/serum-lifting-tensor.webp,LACA,Health & Beauty > Personal Care > Cosmetics > Skin Care,Dermocosmética Dr. Enero
serum-radiant-filler,Sérum Radiant Filler,"Rellena arrugas y depresiones, da luminosidad y previene manchas. Presentación: Gotero 20 ml. Producto original LACA. Asesoramiento personalizado por WhatsApp y envíos a todo el país (gratis desde $70.000).",in stock,new,45650 ARS,https://espanholsmo-design.github.io/silvina-beauty/#catalogo,https://espanholsmo-design.github.io/silvina-beauty/fotos/serum-radiant-filler.webp,LACA,Health & Beauty > Personal Care > Cosmetics > Skin Care,Dermocosmética Dr. Enero
serum-radiant-glow,Sérum Radiant Glow,Mejora la luminosidad e iguala el tono de todo tipo de pieles. Presentación: Gotero 20 ml. Producto original LACA. Asesoramiento personalizado por WhatsApp y envíos a todo el país (gratis desde $70.000).,in stock,new,46200 ARS,https://espanholsmo-design.github.io/silvina-beauty/#catalogo,https://espanholsmo-design.github.io/silvina-beauty/fotos/serum-radiant-glow.webp,LACA,Health & Beauty > Personal Care > Cosmetics > Skin Care,Dermocosmética Dr. Enero
vital-booster-hylu-serum,Vital Booster Hylu-Serum,Reduce el inflammaging y fortalece los cuatro pilares del cuidado cutáneo. Presentación: Gotero 20 ml. Producto original LACA. Asesoramiento personalizado por WhatsApp y envíos a todo el país (gratis desde $70.000).,in stock,new,50380 ARS,https://espanholsmo-design.github.io/silvina-beauty/#catalogo,https://espanholsmo-design.github.io/silvina-beauty/fotos/vital-booster-hylu-serum.webp,LACA,Health & Beauty > Personal Care > Cosmetics > Skin Care,Dermocosmética Dr. Enero
az-booster,AZ Booster,"Otorga radiancia, disminuye manchas y unifica el tono facial. Presentación: Gotero 20 ml. Producto original LACA. Asesoramiento personalizado por WhatsApp y envíos a todo el país (gratis desde $70.000).",in stock,new,46640 ARS,https://espanholsmo-design.github.io/silvina-beauty/#catalogo,https://espanholsmo-design.github.io/silvina-beauty/fotos/az-booster.webp,LACA,Health & Beauty > Personal Care > Cosmetics > Skin Care,Dermocosmética Dr. Enero
serum-calmer,Serum Calmer,Mejora pieles sensibles e hiperactivas con desigualdad de tono. Presentación: Gotero 20 ml. Producto original LACA. Asesoramiento personalizado por WhatsApp y envíos a todo el país (gratis desde $70.000).,in stock,new,39490 ARS,https://espanholsmo-design.github.io/silvina-beauty/#catalogo,https://espanholsmo-design.github.io/silvina-beauty/fotos/serum-calmer.webp,LACA,Health & Beauty > Personal Care > Cosmetics > Skin Care,Dermocosmética Dr. Enero
serum-novo-retinol,Serum Novo Retinol,"Retinol de origen vegetal, potencia proteínas estructurales sin enrojecer. Presentación: Gotero 20 ml. Producto original LACA. Asesoramiento personalizado por WhatsApp y envíos a todo el país (gratis desde $70.000).",in stock,new,59400 ARS,https://espanholsmo-design.github.io/silvina-beauty/#catalogo,https://espanholsmo-design.github.io/silvina-beauty/fotos/serum-novo-retinol.webp,LACA,Health & Beauty > Personal Care > Cosmetics > Skin Care,Dermocosmética Dr. Enero
serum-humectante-herbal,Sérum Humectante Herbal,Controla el enrojecimiento y el ardor; calma tras peelings o extracciones. Presentación: Frasco 70 ml. Producto original LACA. Asesoramiento personalizado por WhatsApp y envíos a todo el país (gratis desde $70.000).,in stock,new,43340 ARS,https://espanholsmo-design.github.io/silvina-beauty/#catalogo,https://espanholsmo-design.github.io/silvina-beauty/fotos/serum-humectante-herbal.webp,LACA,Health & Beauty > Personal Care > Cosmetics > Skin Care,Pieles Delicadas
emulsion-humectante-herbal,Emulsión Humectante Herbal,"Rehidrata y repone pieles resecas, otorga frescura y suavidad. Presentación: Frasco 100 ml. Producto original LACA. Asesoramiento personalizado por WhatsApp y envíos a todo el país (gratis desde $70.000).",in stock,new,24090 ARS,https://espanholsmo-design.github.io/silvina-beauty/#catalogo,https://espanholsmo-design.github.io/silvina-beauty/fotos/emulsion-humectante-herbal.webp,LACA,Health & Beauty > Personal Care > Cosmetics > Skin Care,Pieles Delicadas
rocio-protector-con-oligoelementos,Rocío Protector con Oligoelementos,"Calma y revitaliza tras dermoabrasión, peelings o radiofrecuencia. Presentación: Frascos 100 / 250 ml. Producto original LACA. Asesoramiento personalizado por WhatsApp y envíos a todo el país (gratis desde $70.000).",in stock,new,22990 ARS,https://espanholsmo-design.github.io/silvina-beauty/#catalogo,https://espanholsmo-design.github.io/silvina-beauty/fotos/rocio-protector-con-oligoelementos.webp,LACA,Health & Beauty > Personal Care > Cosmetics > Skin Care,Pieles Delicadas
neblina-hidratante-con-malva-y-bosswelia,Neblina Hidratante con Malva y Bosswelia,"Hidrata y suaviza, forma un escudo vegetal protector. Presentación: Frascos 100 y 250 ml. Producto original LACA. Asesoramiento personalizado por WhatsApp y envíos a todo el país (gratis desde $70.000).",in stock,new,32560 ARS,https://espanholsmo-design.github.io/silvina-beauty/#catalogo,https://espanholsmo-design.github.io/silvina-beauty/fotos/neblina-hidratante-con-malva-y-bosswelia.webp,LACA,Health & Beauty > Personal Care > Cosmetics > Skin Care,Pieles Delicadas
emulsion-green-balance,Emulsión Green Balance,Evita la hipersensibilidad y mejora la circulación de capilares frágiles. Presentación: Pomo 70 gr. Producto original LACA. Asesoramiento personalizado por WhatsApp y envíos a todo el país (gratis desde $70.000).,in stock,new,49940 ARS,https://espanholsmo-design.github.io/silvina-beauty/#catalogo,https://espanholsmo-design.github.io/silvina-beauty/fotos/emulsion-green-balance.webp,LACA,Health & Beauty > Personal Care > Cosmetics > Skin Care,Pieles Delicadas
mascara-descongestiva-con-silanotriol-y-vitamina-b3,Máscara Descongestiva con Silanotriol y Vitamina B3,"Deja la piel fresca y luminosa, mejora el enrojecimiento. Presentación: Pote 250 gr. Producto original LACA. Asesoramiento personalizado por WhatsApp y envíos a todo el país (gratis desde $70.000).",in stock,new,66880 ARS,https://espanholsmo-design.github.io/silvina-beauty/#catalogo,https://espanholsmo-design.github.io/silvina-beauty/fotos/mascara-descongestiva-con-silanotriol-y-vitamina-b3.webp,LACA,Health & Beauty > Personal Care > Cosmetics > Skin Care,Pieles Delicadas
gel-humectante-herbal,Gel Humectante Herbal,Combate el enrojecimiento producido por radiofrecuencia o exfoliantes. Presentación: Pote 250 gr. Producto original LACA. Asesoramiento personalizado por WhatsApp y envíos a todo el país (gratis desde $70.000).,in stock,new,69080 ARS,https://espanholsmo-design.github.io/silvina-beauty/#catalogo,https://espanholsmo-design.github.io/silvina-beauty/fotos/gel-humectante-herbal.webp,LACA,Health & Beauty > Personal Care > Cosmetics > Skin Care,Pieles Delicadas
brume-calmer,Brume Calmer,Protege el manto lípido y atenúa el enrojecimiento en todo tipo de piel. Presentación: Frascos 100 / 250 ml. Producto original LACA. Asesoramiento personalizado por WhatsApp y envíos a todo el país (gratis desde $70.000).,in stock,new,22330 ARS,https://espanholsmo-design.github.io/silvina-beauty/#catalogo,https://espanholsmo-design.github.io/silvina-beauty/fotos/brume-calmer.webp,LACA,Health & Beauty > Personal Care > Cosmetics > Skin Care,Pieles Delicadas
crema-celulas-madre-con-octapeptidos-y-argan,Crema Células Madre con Octapéptidos y Argán,Regenera profundamente y atenúa signos del tiempo. Para pieles maduras. Presentación: Pomo 70 gr. Producto original LACA. Asesoramiento personalizado por WhatsApp y envíos a todo el país (gratis desde $70.000).,in stock,new,65560 ARS,https://espanholsmo-design.github.io/silvina-beauty/#catalogo,https://espanholsmo-design.github.io/silvina-beauty/fotos/crema-celulas-madre-con-octapeptidos-y-argan.webp,LACA,Health & Beauty > Personal Care > Cosmetics > Skin Care,Antiage
balsamo-dinamizante-celular,Bálsamo Dinamizante Celular,Minimiza daños del estrés ambiental y mantiene la piel turgente. Para pieles jóvenes. Presentación: Pomo 70 gr. Producto original LACA. Asesoramiento personalizado por WhatsApp y envíos a todo el país (gratis desde $70.000).,in stock,new,49280 ARS,https://espanholsmo-design.github.io/silvina-beauty/#catalogo,https://espanholsmo-design.github.io/silvina-beauty/fotos/balsamo-dinamizante-celular.webp,LACA,Health & Beauty > Personal Care > Cosmetics > Skin Care,Antiage
emulsion-celulas-madre,Emulsión Células Madre,Retrasa el envejecimiento celular y redefine el óvalo facial. Presentación: Pomo 70 gr. Producto original LACA. Asesoramiento personalizado por WhatsApp y envíos a todo el país (gratis desde $70.000).,in stock,new,72490 ARS,https://espanholsmo-design.github.io/silvina-beauty/#catalogo,https://espanholsmo-design.github.io/silvina-beauty/fotos/emulsion-celulas-madre.webp,LACA,Health & Beauty > Personal Care > Cosmetics > Skin Care,Antiage
crema-con-oxigeno,Crema con Oxígeno,Disminuye arrugas mejorando el funcionamiento celular. Presentación: Pomo 70 gr. Producto original LACA. Asesoramiento personalizado por WhatsApp y envíos a todo el país (gratis desde $70.000).,in stock,new,50600 ARS,https://espanholsmo-design.github.io/silvina-beauty/#catalogo,https://espanholsmo-design.github.io/silvina-beauty/fotos/crema-con-oxigeno.webp,LACA,Health & Beauty > Personal Care > Cosmetics > Skin Care,Antiage
crema-liposomada-con-acido-hialuronico,Crema Liposomada con Ácido Hialurónico,"Redensifica, hidrata y nutre con rápido efecto visible. Presentación: Pomo 70 gr. Producto original LACA. Asesoramiento personalizado por WhatsApp y envíos a todo el país (gratis desde $70.000).",in stock,new,45100 ARS,https://espanholsmo-design.github.io/silvina-beauty/#catalogo,https://espanholsmo-design.github.io/silvina-beauty/fotos/crema-liposomada-con-acido-hialuronico.webp,LACA,Health & Beauty > Personal Care > Cosmetics > Skin Care,Antiage
crema-retinol-con-vitamina-c,Crema Retinol con Vitamina C,Reduce la profundidad de arrugas y recupera elasticidad. Presentación: Pomo 70 gr. Producto original LACA. Asesoramiento personalizado por WhatsApp y envíos a todo el país (gratis desde $70.000).,in stock,new,49940 ARS,https://espanholsmo-design.github.io/silvina-beauty/#catalogo,https://espanholsmo-design.github.io/silvina-beauty/fotos/crema-retinol-con-vitamina-c.webp,LACA,Health & Beauty > Personal Care > Cosmetics > Skin Care,Antiage
crema-retinol-plus,Crema Retinol Plus,"Frena y retarda el envejecimiento, evita la flaccidez. Presentación: Pomo 70 gr. Producto original LACA. Asesoramiento personalizado por WhatsApp y envíos a todo el país (gratis desde $70.000).",in stock,new,71170 ARS,https://espanholsmo-design.github.io/silvina-beauty/#catalogo,https://espanholsmo-design.github.io/silvina-beauty/fotos/crema-retinol-plus.webp,LACA,Health & Beauty > Personal Care > Cosmetics > Skin Care,Antiage
crema-antiage-alimentar-nutrir,Crema Antiage Alimentar Nutrir,Reconstituye y tonifica devolviendo salud y vigor a la piel. Presentación: Pomo 70 gr. Producto original LACA. Asesoramiento personalizado por WhatsApp y envíos a todo el país (gratis desde $70.000).,in stock,new,42240 ARS,https://espanholsmo-design.github.io/silvina-beauty/#catalogo,https://espanholsmo-design.github.io/silvina-beauty/fotos/crema-antiage-alimentar-nutrir.webp,LACA,Health & Beauty > Personal Care > Cosmetics > Skin Care,Antiage
film-crono-hidratante,Film Crono Hidratante,Forma una película que retiene la humedad y atenúa el aspecto marchito. Presentación: Pomo 70 gr. Producto original LACA. Asesoramiento personalizado por WhatsApp y envíos a todo el país (gratis desde $70.000).,in stock,new,35200 ARS,https://espanholsmo-design.github.io/silvina-beauty/#catalogo,https://espanholsmo-design.github.io/silvina-beauty/fotos/film-crono-hidratante.webp,LACA,Health & Beauty > Personal Care > Cosmetics > Skin Care,Antiage
crema-antiage-con-coenzima-q,Crema Antiage con Coenzima Q,Repone defensas antioxidantes y mejora la elasticidad cutánea. Presentación: Pomo 70 gr. Producto original LACA. Asesoramiento personalizado por WhatsApp y envíos a todo el país (gratis desde $70.000).,in stock,new,45980 ARS,https://espanholsmo-design.github.io/silvina-beauty/#catalogo,https://espanholsmo-design.github.io/silvina-beauty/fotos/crema-antiage-con-coenzima-q.webp,LACA,Health & Beauty > Personal Care > Cosmetics > Skin Care,Antiage
complejo-antiage-con-omega-plus,Complejo Antiage con Omega Plus,"Acabado sedoso único, rehidratación natural. Presentación: Pomo 50 gr. Producto original LACA. Asesoramiento personalizado por WhatsApp y envíos a todo el país (gratis desde $70.000).",in stock,new,43120 ARS,https://espanholsmo-design.github.io/silvina-beauty/#catalogo,https://espanholsmo-design.github.io/silvina-beauty/fotos/complejo-antiage-con-omega-plus.webp,LACA,Health & Beauty > Personal Care > Cosmetics > Skin Care,Antiage
biolifting-xf,Biolifting XF,Preserva la humedad y protege de agentes externos en pieles con signos de edad. Presentación: Pomo 50 gr. Producto original LACA. Asesoramiento personalizado por WhatsApp y envíos a todo el país (gratis desde $70.000).,in stock,new,75570 ARS,https://espanholsmo-design.github.io/silvina-beauty/#catalogo,https://espanholsmo-design.github.io/silvina-beauty/fotos/biolifting-xf.webp,LACA,Health & Beauty > Personal Care > Cosmetics > Skin Care,Antiage
gel-contorno-de-ojos,Gel Contorno de Ojos,"Mejora e ilumina el área del ojo, disminuye arrugas y surcos. Presentación: Pomo 15 gr. Producto original LACA. Asesoramiento personalizado por WhatsApp y envíos a todo el país (gratis desde $70.000).",in stock,new,48840 ARS,https://espanholsmo-design.github.io/silvina-beauty/#catalogo,https://espanholsmo-design.github.io/silvina-beauty/fotos/gel-contorno-de-ojos.webp,LACA,Health & Beauty > Personal Care > Cosmetics > Skin Care,Antiage
secuencial-parpados-dia-y-noche,Secuencial Párpados Día y Noche,Previene la formación de arrugas y mejora ojeras y bolsas. Presentación: 2 pomos 15 gr. Producto original LACA. Asesoramiento personalizado por WhatsApp y envíos a todo el país (gratis desde $70.000).,in stock,new,67210 ARS,https://espanholsmo-design.github.io/silvina-beauty/#catalogo,https://espanholsmo-design.github.io/silvina-beauty/fotos/secuencial-parpados-dia-y-noche.webp,LACA,Health & Beauty > Personal Care > Cosmetics > Skin Care,Antiage
fresh-eyes-roll-on-con-cafeina,Fresh Eyes Roll On con Cafeína,"Efecto \""hielo\"" refrescante y drenante, reduce signos de cansancio. Presentación: Roll on 15 ml. Producto original LACA. Asesoramiento personalizado por WhatsApp y envíos a todo el país (gratis desde $70.000).",in stock,new,47520 ARS,https://espanholsmo-design.github.io/silvina-beauty/#catalogo,https://acdn-us.mitiendanube.com/stores/001/249/897/products/fresh-eyes-roll-on-con-complejo-de-cafeina-971bfddc13c5244df417855282367060-480-0.webp,LACA,Health & Beauty > Personal Care > Cosmetics > Skin Care,Antiage
microfiller-antiage,Microfiller Antiage,Efecto filler o microrrelleno en depresiones profundas. Presentación: Roll on 15 ml. Producto original LACA. Asesoramiento personalizado por WhatsApp y envíos a todo el país (gratis desde $70.000).,in stock,new,64900 ARS,https://espanholsmo-design.github.io/silvina-beauty/#catalogo,https://acdn-us.mitiendanube.com/stores/001/249/897/products/microfiller-antiage-roll-on-1cc062c98b3f95254c17857927818063-480-0.webp,LACA,Health & Beauty > Personal Care > Cosmetics > Skin Care,Antiage
crema-nutritiva-de-parpados,Crema Nutritiva de Párpados,"Previene arrugas profundas. Vegana, libre de parabenos y fragancias. Presentación: Frasco 10 ml. Producto original LACA. Asesoramiento personalizado por WhatsApp y envíos a todo el país (gratis desde $70.000).",in stock,new,41360 ARS,https://espanholsmo-design.github.io/silvina-beauty/#catalogo,https://acdn-us.mitiendanube.com/stores/001/249/897/products/crema-nutritiva-para-parpados-91367cd7c7fbace88c17853489962364-480-0.webp,LACA,Health & Beauty > Personal Care > Cosmetics > Skin Care,Antiage
diamond-lips,Diamond Lips,"Atenúa arrugas verticales del labio superior, madura las fibras de colágeno. Presentación: Gotero 12 ml. Producto original LACA. Asesoramiento personalizado por WhatsApp y envíos a todo el país (gratis desde $70.000).",in stock,new,41690 ARS,https://espanholsmo-design.github.io/silvina-beauty/#catalogo,https://acdn-us.mitiendanube.com/stores/001/249/897/products/diamond-lips-59a284e37b232d1bd517854306282398-480-0.webp,LACA,Health & Beauty > Personal Care > Cosmetics > Skin Care,Antiage
diamond-eyes,Diamond Eyes,Corrige arrugas y líneas de expresión en la zona orbicular. Presentación: Gotero 12 ml. Producto original LACA. Asesoramiento personalizado por WhatsApp y envíos a todo el país (gratis desde $70.000).,in stock,new,46750 ARS,https://espanholsmo-design.github.io/silvina-beauty/#catalogo,https://acdn-us.mitiendanube.com/stores/001/249/897/products/diamond-eyes-99001236c8679e1efd17854307702783-480-0.webp,LACA,Health & Beauty > Personal Care > Cosmetics > Skin Care,Antiage
filler-diamond-antiage,Filler Diamond Antiage,Estimula la formación de ácido hialurónico propio de la piel. Presentación: Frasco 30 ml. Producto original LACA. Asesoramiento personalizado por WhatsApp y envíos a todo el país (gratis desde $70.000).,in stock,new,59730 ARS,https://espanholsmo-design.github.io/silvina-beauty/#catalogo,https://acdn-us.mitiendanube.com/stores/001/249/897/products/filler-diamond-antiage-5477cc5beb6dc122a117854325858618-480-0.webp,LACA,Health & Beauty > Personal Care > Cosmetics > Skin Care,Antiage
cellular-diamond-antiage,Cellular Diamond Antiage,Activa procesos celulares que mejoran la longevidad de la piel. Presentación: Frasco 60 gr. Producto original LACA. Asesoramiento personalizado por WhatsApp y envíos a todo el país (gratis desde $70.000).,in stock,new,62810 ARS,https://espanholsmo-design.github.io/silvina-beauty/#catalogo,https://acdn-us.mitiendanube.com/stores/001/249/897/products/cellular-diamond-antiage-e8234d1237298e6f5e17854438948165-480-0.webp,LACA,Health & Beauty > Personal Care > Cosmetics > Skin Care,Antiage
renova-defense,Renova Defense,"Recupera firmeza, vitalidad y luminosidad. Lentifica el envejecimiento. Presentación: Frasco 60 ml. Producto original LACA. Asesoramiento personalizado por WhatsApp y envíos a todo el país (gratis desde $70.000).",in stock,new,55440 ARS,https://espanholsmo-design.github.io/silvina-beauty/#catalogo,https://acdn-us.mitiendanube.com/stores/001/249/897/products/renova-defense-e0854097ea9ccf223c17854298423432-480-0.webp,LACA,Health & Beauty > Personal Care > Cosmetics > Skin Care,Antiage
bio-therapy-hyalu-serum,Bio Therapy Hyalu-Serum,5 péptidos que actúan como barrera contra arrugas de expresión. Presentación: Gotero 10 ml. Producto original LACA. Asesoramiento personalizado por WhatsApp y envíos a todo el país (gratis desde $70.000).,in stock,new,37180 ARS,https://espanholsmo-design.github.io/silvina-beauty/#catalogo,https://acdn-us.mitiendanube.com/stores/001/249/897/products/serum-bio-therapy-f54896267fd5f1f80617853479934022-480-0.webp,LACA,Health & Beauty > Personal Care > Cosmetics > Skin Care,Antiage
serum-liposomado-con-acido-hialuronico,Serum Liposomado con Ácido Hialurónico,Regenera la barrera epidérmica dañada por sol o peeling. Presentación: Frasco 70 ml. Producto original LACA. Asesoramiento personalizado por WhatsApp y envíos a todo el país (gratis desde $70.000).,in stock,new,39270 ARS,https://espanholsmo-design.github.io/silvina-beauty/#catalogo,https://acdn-us.mitiendanube.com/stores/001/249/897/products/serum-liposomado-081c00493634e8f1a417866438840222-480-0.webp,LACA,Health & Beauty > Personal Care > Cosmetics > Skin Care,Antiage
locion-humectante-y-tonificante,Loción Humectante y Tonificante,"Humecta y retiene la humedad por tiempo prolongado, previene el enrojecimiento. Presentación: Frascos 100 / 250 / 500 ml. Producto original LACA. Asesoramiento personalizado por WhatsApp y envíos a todo el país (gratis desde $70.000).",in stock,new,34760 ARS,https://espanholsmo-design.github.io/silvina-beauty/#catalogo,https://acdn-us.mitiendanube.com/stores/001/249/897/products/locion-humectante-y-tonificante-1349518621d883cdbf17866474091926-480-0.webp,LACA,Health & Beauty > Personal Care > Cosmetics > Skin Care,Hidratación
locion-refrescante-con-te-verde-y-flavonoides,Loción Refrescante con Té verde y Flavonoides,"Humecta y suaviza, aliada de la juventud y belleza de la piel. Presentación: Frascos 100 / 250 / 500 ml. Producto original LACA. Asesoramiento personalizado por WhatsApp y envíos a todo el país (gratis desde $70.000).",in stock,new,34540 ARS,https://espanholsmo-design.github.io/silvina-beauty/#catalogo,https://acdn-us.mitiendanube.com/stores/001/249/897/products/locion-refrescante-con-te-verde-2324548d78b46d897b17857947408494-480-0.webp,LACA,Health & Beauty > Personal Care > Cosmetics > Skin Care,Hidratación
emulsion-humectante-hidra-plus,Emulsión Humectante Hidra Plus,"Triple eficacia hidratante, atenúa las arrugas. Presentación: Frascos 100 / 250 ml. Producto original LACA. Asesoramiento personalizado por WhatsApp y envíos a todo el país (gratis desde $70.000).",in stock,new,28160 ARS,https://espanholsmo-design.github.io/silvina-beauty/#catalogo,https://acdn-us.mitiendanube.com/stores/001/249/897/products/emulsionhidraplus-8aaea2fa12f1978b6e17857951714251-480-0.webp,LACA,Health & Beauty > Personal Care > Cosmetics > Skin Care,Hidratación
bruma-equilibrante,Bruma Equilibrante,Concentrado de activos refrescantes y reparadores epidérmicos. Presentación: Frasco 100 ml. Producto original LACA. Asesoramiento personalizado por WhatsApp y envíos a todo el país (gratis desde $70.000).,in stock,new,25299 ARS,https://espanholsmo-design.github.io/silvina-beauty/#catalogo,https://espanholsmo-design.github.io/silvina-beauty/fotos/bruma-equilibrante.webp,LACA,Health & Beauty > Personal Care > Cosmetics > Skin Care,Hidratación
crema-hidratante-con-urea,Crema Hidratante con Urea +,Repone el Factor Natural de Hidratación de la piel. Presentación: Pote 250 gr. Producto original LACA. Asesoramiento personalizado por WhatsApp y envíos a todo el país (gratis desde $70.000).,in stock,new,79000 ARS,https://espanholsmo-design.github.io/silvina-beauty/#catalogo,https://espanholsmo-design.github.io/silvina-beauty/fotos/crema-hidratante-con-urea.webp,LACA,Health & Beauty > Personal Care > Cosmetics > Skin Care,Hidratación
crema-humectante-con-aceite-de-palta,Crema Humectante con Aceite de Palta,Restaura la elasticidad y retarda el envejecimiento cutáneo. Presentación: Pote 160 gr. Producto original LACA. Asesoramiento personalizado por WhatsApp y envíos a todo el país (gratis desde $70.000).,in stock,new,45430 ARS,https://espanholsmo-design.github.io/silvina-beauty/#catalogo,https://espanholsmo-design.github.io/silvina-beauty/fotos/crema-humectante-con-aceite-de-palta.webp,LACA,Health & Beauty > Personal Care > Cosmetics > Skin Care,Hidratación
crema-color-con-acido-hialuronico,Crema Color con Ácido Hialurónico,Genera un color uniforme y brinda luminosidad. Para rostro y cuerpo. Presentación: Pomo 70 gr. Producto original LACA. Asesoramiento personalizado por WhatsApp y envíos a todo el país (gratis desde $70.000).,in stock,new,32780 ARS,https://espanholsmo-design.github.io/silvina-beauty/#catalogo,https://acdn-us.mitiendanube.com/stores/001/249/897/products/crema-color-con-acido-hialuronico-2e7bd4e40d1b4137d617854435565552-480-0.webp,LACA,Health & Beauty > Personal Care > Cosmetics > Skin Care,Hidratación
hidrogel-con-uniesferas-de-vitaminas-c-y-e,Hidrogel con Uniesferas de Vitaminas C y E,Favorece la formación de colágeno y elastina. Presentación: Pomo 70 gr. Producto original LACA. Asesoramiento personalizado por WhatsApp y envíos a todo el país (gratis desde $70.000).,in stock,new,38060 ARS,https://espanholsmo-design.github.io/silvina-beauty/#catalogo,https://acdn-us.mitiendanube.com/stores/001/249/897/products/hidrogel-con-unisferas-a90a04a39fc3ca29bc17854433128426-480-0.webp,LACA,Health & Beauty > Personal Care > Cosmetics > Skin Care,Hidratación
crema-humectante-con-aloe-vera,Crema Humectante con Aloe Vera,Combate el enrojecimiento por sol o tratamientos cosméticos. Presentación: Pomo 140 gr. Producto original LACA. Asesoramiento personalizado por WhatsApp y envíos a todo el país (gratis desde $70.000).,in stock,new,20240 ARS,https://espanholsmo-design.github.io/silvina-beauty/#catalogo,https://espanholsmo-design.github.io/silvina-beauty/fotos/crema-humectante-con-aloe-vera.webp,LACA,Health & Beauty > Personal Care > Cosmetics > Skin Care,Hidratación
serum-facial-con-ramnosa,Sérum Facial con Ramnosa,"Recupera el aspecto de una piel joven, repara colágeno y elastina. Presentación: Frasco 70 ml. Producto original LACA. Asesoramiento personalizado por WhatsApp y envíos a todo el país (gratis desde $70.000).",in stock,new,32670 ARS,https://espanholsmo-design.github.io/silvina-beauty/#catalogo,https://acdn-us.mitiendanube.com/stores/001/249/897/products/serum-facial-con-ramnosa-805df5c5585d77ab8b17857936849882-480-0.webp,LACA,Health & Beauty > Personal Care > Cosmetics > Skin Care,Hidratación
concentrado-hidroenergizante-aci,Concentrado Hidroenergizante ACI,"Energizante y reparador, aporta componentes protectores y humectantes. Presentación: Frascos 70 ml. Producto original LACA. Asesoramiento personalizado por WhatsApp y envíos a todo el país (gratis desde $70.000).",in stock,new,49280 ARS,https://espanholsmo-design.github.io/silvina-beauty/#catalogo,https://espanholsmo-design.github.io/silvina-beauty/fotos/concentrado-hidroenergizante-aci.webp,LACA,Health & Beauty > Personal Care > Cosmetics > Skin Care,Hidratación
mascara-radiant-filler,Máscara Radiant Filler,Hidrata profundamente y produce efecto relleno en surcos y arrugas. Presentación: Pote 50 / 250 gr. Producto original LACA. Asesoramiento personalizado por WhatsApp y envíos a todo el país (gratis desde $70.000).,in stock,new,51200 ARS,https://espanholsmo-design.github.io/silvina-beauty/#catalogo,https://acdn-us.mitiendanube.com/stores/001/249/897/products/mascara-radiant-filler-691036bd16c1ded2d217853399760242-480-0.webp,LACA,Health & Beauty > Personal Care > Cosmetics > Skin Care,Hidratación
lapiz-secativo-con-tea-tree-oil,Lápiz Secativo con Tea Tree Oil,"Seca y descongestiona, disimula el enrojecimiento del acné. Presentación: Lápiz 3,5 gr. Producto original LACA. Asesoramiento personalizado por WhatsApp y envíos a todo el país (gratis desde $70.000).",in stock,new,28820 ARS,https://espanholsmo-design.github.io/silvina-beauty/#catalogo,https://acdn-us.mitiendanube.com/stores/001/249/897/products/lapiz-secativo-800c3b239bf16cd18017855317312286-480-0.webp,LACA,Health & Beauty > Personal Care > Cosmetics > Skin Care,Pieles Grasas
lapiz-secativo-incoloro,Lápiz Secativo Incoloro,"Seca y descongestiona lesiones acneicas, sin producir irritación. Presentación: Lápiz 3,5 gr. Producto original LACA. Asesoramiento personalizado por WhatsApp y envíos a todo el país (gratis desde $70.000).",in stock,new,29810 ARS,https://espanholsmo-design.github.io/silvina-beauty/#catalogo,https://acdn-us.mitiendanube.com/stores/001/249/897/products/lapiz-secativo-800c3b239bf16cd18017855317312286-480-0.webp,LACA,Health & Beauty > Personal Care > Cosmetics > Skin Care,Pieles Grasas
lapiz-secativo-color,Lápiz Secativo Color,"Seca las manifestaciones del acné, con color beige adaptable al tono de piel. Presentación: Lápiz 3,5 gr. Producto original LACA. Asesoramiento personalizado por WhatsApp y envíos a todo el país (gratis desde $70.000).",in stock,new,29810 ARS,https://espanholsmo-design.github.io/silvina-beauty/#catalogo,https://acdn-us.mitiendanube.com/stores/001/249/897/products/lapiz-secativo-800c3b239bf16cd18017855317312286-480-0.webp,LACA,Health & Beauty > Personal Care > Cosmetics > Skin Care,Pieles Grasas
crema-control-sebo,Crema Control Sebo,Absorbe la grasitud superficial y combate la inflamación de los comedones. Presentación: Pomo 70 gr. Producto original LACA. Asesoramiento personalizado por WhatsApp y envíos a todo el país (gratis desde $70.000).,in stock,new,39600 ARS,https://espanholsmo-design.github.io/silvina-beauty/#catalogo,https://espanholsmo-design.github.io/silvina-beauty/fotos/crema-control-sebo.webp,LACA,Health & Beauty > Personal Care > Cosmetics > Skin Care,Pieles Grasas
perfect-pore,Perfect Pore,Reduce la apariencia de poros dilatados y regula el brillo. Presentación: Pomo 70 gr. Producto original LACA. Asesoramiento personalizado por WhatsApp y envíos a todo el país (gratis desde $70.000).,in stock,new,35090 ARS,https://espanholsmo-design.github.io/silvina-beauty/#catalogo,https://acdn-us.mitiendanube.com/stores/001/249/897/products/emulsion-perfect-pore-1b0421ccc0ef332a0917855307742760-480-0.webp,LACA,Health & Beauty > Personal Care > Cosmetics > Skin Care,Pieles Grasas
locion-secante,Loción Secante,Facilita la desaparición de imperfecciones y controla el exceso de oleosidad. Presentación: Frasco 70 ml. Producto original LACA. Asesoramiento personalizado por WhatsApp y envíos a todo el país (gratis desde $70.000).,in stock,new,30250 ARS,https://espanholsmo-design.github.io/silvina-beauty/#catalogo,https://acdn-us.mitiendanube.com/stores/001/249/897/products/locion-secante-96343473a9ac1d34ed17855314409386-480-0.webp,LACA,Health & Beauty > Personal Care > Cosmetics > Skin Care,Pieles Grasas
locion-astringente,Loción Astringente,Elimina restos de maquillaje y contaminantes cutáneos. Ideal para pieles sensibles. Presentación: Frasco 100 ml. Producto original LACA. Asesoramiento personalizado por WhatsApp y envíos a todo el país (gratis desde $70.000).,in stock,new,27060 ARS,https://espanholsmo-design.github.io/silvina-beauty/#catalogo,https://acdn-us.mitiendanube.com/stores/001/249/897/products/locion-astringente-744534c570af92ddae17854427811978-480-0.webp,LACA,Health & Beauty > Personal Care > Cosmetics > Skin Care,Pieles Grasas
locion-astringente-con-nicotinamida,Loción Astringente con Nicotinamida,"Sebonormalizante, combate enrojecimiento y prepara la piel. Presentación: Frascos 100 / 250 / 500 ml. Producto original LACA. Asesoramiento personalizado por WhatsApp y envíos a todo el país (gratis desde $70.000).",in stock,new,30140 ARS,https://espanholsmo-design.github.io/silvina-beauty/#catalogo,https://acdn-us.mitiendanube.com/stores/001/249/897/products/locion-astringente-con-nicotinamida-1f5b76aed9dc1fff3a17855312768076-480-0.webp,LACA,Health & Beauty > Personal Care > Cosmetics > Skin Care,Pieles Grasas
emulsion-aqua-pore,Emulsión Aqua Pore,Restablece el equilibrio hídrico en pieles grasas y seborreicas. Presentación: Frascos 100 / 235 ml. Producto original LACA. Asesoramiento personalizado por WhatsApp y envíos a todo el país (gratis desde $70.000).,in stock,new,33000 ARS,https://espanholsmo-design.github.io/silvina-beauty/#catalogo,https://acdn-us.mitiendanube.com/stores/001/249/897/products/emulsion-aqua-pore-186bb550844efa5afe17867353758347-480-0.webp,LACA,Health & Beauty > Personal Care > Cosmetics > Skin Care,Pieles Grasas
acne-iii,Acné III,"Reduce el enrojecimiento, regula el sebo y controla la microflora bacteriana. Presentación: Frasco 70 ml. Producto original LACA. Asesoramiento personalizado por WhatsApp y envíos a todo el país (gratis desde $70.000).",in stock,new,39490 ARS,https://espanholsmo-design.github.io/silvina-beauty/#catalogo,https://espanholsmo-design.github.io/silvina-beauty/fotos/acne-iii.webp,LACA,Health & Beauty > Personal Care > Cosmetics > Skin Care,Pieles Grasas
locion-perfect-pore-con-acido-salicilico,Loción Perfect Pore con Ácido Salicílico,"Sebonormalizante para pieles con oleosidad, brillo extremo y acné. Presentación: Frascos 100 y 250 ml. Producto original LACA. Asesoramiento personalizado por WhatsApp y envíos a todo el país (gratis desde $70.000).",in stock,new,32780 ARS,https://espanholsmo-design.github.io/silvina-beauty/#catalogo,https://acdn-us.mitiendanube.com/stores/001/249/897/products/locion-perfect-pore-c-acido-salicilico-6a657d7c24c81fd0e717853416775339-480-0.webp,LACA,Health & Beauty > Personal Care > Cosmetics > Skin Care,Pieles Grasas
dermoaclarante,Dermoaclarante,Retarda y previene la formación de manchas cutáneas. Presentación: Pomo 12 gr. Producto original LACA. Asesoramiento personalizado por WhatsApp y envíos a todo el país (gratis desde $70.000).,in stock,new,39050 ARS,https://espanholsmo-design.github.io/silvina-beauty/#catalogo,https://acdn-us.mitiendanube.com/stores/001/249/897/products/dermoaclarante-8bee22abbf9d39d1b317867356955800-480-0.webp,LACA,Health & Beauty > Personal Care > Cosmetics > Skin Care,Renovación Celular
gel-plus-con-acido-mandelico-y-uva-ursi,Gel Plus con Ácido Mandélico y Uva Ursi,"Despierta la juventud cutánea, elimina células muertas, aclara máculas. Presentación: Frasco 70 ml. Producto original LACA. Asesoramiento personalizado por WhatsApp y envíos a todo el país (gratis desde $70.000).",in stock,new,43230 ARS,https://espanholsmo-design.github.io/silvina-beauty/#catalogo,https://acdn-us.mitiendanube.com/stores/001/249/897/products/gel-plus-con-acido-mandelico-y-uva-ursi-3d1ab040626895694717866362266278-480-0.webp,LACA,Health & Beauty > Personal Care > Cosmetics > Skin Care,Renovación Celular
peeling-bio-enzimatico,Peeling Bio Enzimático,"Imita la descamación de las pieles jóvenes, efecto exfoliante progresivo. Presentación: Pote 160 gr. Producto original LACA. Asesoramiento personalizado por WhatsApp y envíos a todo el país (gratis desde $70.000).",in stock,new,72000 ARS,https://espanholsmo-design.github.io/silvina-beauty/#catalogo,https://acdn-us.mitiendanube.com/stores/001/249/897/products/peeling-bio-enzimatico-699104c3bc96384cf717857967767384-480-0.webp,LACA,Health & Beauty > Personal Care > Cosmetics > Skin Care,Renovación Celular
crema-renovadora-con-acido-salicilico,Crema Renovadora con Ácido Salicílico,"Repara la piel rugosa, opaca y con pigmentación desigual. Presentación: Pomo 70 gr. Producto original LACA. Asesoramiento personalizado por WhatsApp y envíos a todo el país (gratis desde $70.000).",in stock,new,46090 ARS,https://espanholsmo-design.github.io/silvina-beauty/#catalogo,https://acdn-us.mitiendanube.com/stores/001/249/897/products/crema-renovadora-con-acido-salicilico-6e153929d376a1096917854323383453-480-0.webp,LACA,Health & Beauty > Personal Care > Cosmetics > Skin Care,Renovación Celular
glico-20,Glico 20,"Mejora la renovación y humectación natural, actúa sobre el enrojecimiento. Presentación: Pomo 70 gr. Producto original LACA. Asesoramiento personalizado por WhatsApp y envíos a todo el país (gratis desde $70.000).",in stock,new,45430 ARS,https://espanholsmo-design.github.io/silvina-beauty/#catalogo,https://acdn-us.mitiendanube.com/stores/001/249/897/products/crema-glico-20-0d8ec0cd4766605ebd17867351975320-480-0.webp,LACA,Health & Beauty > Personal Care > Cosmetics > Skin Care,Renovación Celular
gel-con-aha-s,Gel con Aha's,Facilita una suave renovación de la piel sin enrojecerla. Presentación: Pomo 70 gr. Producto original LACA. Asesoramiento personalizado por WhatsApp y envíos a todo el país (gratis desde $70.000).,in stock,new,43230 ARS,https://espanholsmo-design.github.io/silvina-beauty/#catalogo,https://acdn-us.mitiendanube.com/stores/001/249/897/products/gel-con-ahas-a5df3818c7b2c781d317854263248129-480-0.webp,LACA,Health & Beauty > Personal Care > Cosmetics > Skin Care,Renovación Celular
gel-con-acido-lactobionico,Gel con Ácido Lactobiónico,"Mejora el recambio celular natural, excelente tolerancia incluso en pieles sensibles. Presentación: Gotero 20 ml. Producto original LACA. Asesoramiento personalizado por WhatsApp y envíos a todo el país (gratis desde $70.000).",in stock,new,47080 ARS,https://espanholsmo-design.github.io/silvina-beauty/#catalogo,https://acdn-us.mitiendanube.com/stores/001/249/897/products/gel-con-acido-lactobionico-95e0ac0ce83cb6bbeb17854320443095-480-0.webp,LACA,Health & Beauty > Personal Care > Cosmetics > Skin Care,Renovación Celular
gel-con-acido-tranexamico-y-pantenol,Gel con Ácido Tranexámico y Pantenol,Previene y aclara manchas disminuyendo la síntesis de melanina. Presentación: Frasco 70 ml. Producto original LACA. Asesoramiento personalizado por WhatsApp y envíos a todo el país (gratis desde $70.000).,in stock,new,43670 ARS,https://espanholsmo-design.github.io/silvina-beauty/#catalogo,https://acdn-us.mitiendanube.com/stores/001/249/897/products/gel-con-acido-tranexamico-y-pantenol-5cdab89247ff211c4f17854291247128-480-0.webp,LACA,Health & Beauty > Personal Care > Cosmetics > Skin Care,Renovación Celular
serum-acido-mandelico,Sérum Ácido Mandélico,"Acción antiage, unifica el tono y suma luminosidad. Presentación: Gotero 20 ml. Producto original LACA. Asesoramiento personalizado por WhatsApp y envíos a todo el país (gratis desde $70.000).",in stock,new,32890 ARS,https://espanholsmo-design.github.io/silvina-beauty/#catalogo,https://acdn-us.mitiendanube.com/stores/001/249/897/products/serum-acido-mandelico-229635f8ed3ee8b22e17853487417509-480-0.webp,LACA,Health & Beauty > Personal Care > Cosmetics > Skin Care,Renovación Celular
serum-acido-salicilico,Sérum Ácido Salicílico,Betahidroxiácido queratolítico para tratamientos de acné y seborrea. Presentación: Gotero 20 ml. Producto original LACA. Asesoramiento personalizado por WhatsApp y envíos a todo el país (gratis desde $70.000).,in stock,new,33000 ARS,https://espanholsmo-design.github.io/silvina-beauty/#catalogo,https://acdn-us.mitiendanube.com/stores/001/249/897/products/serum-acido-salicilico-c275e4ef4ed6b00dcc17853487783434-480-0.webp,LACA,Health & Beauty > Personal Care > Cosmetics > Skin Care,Renovación Celular
emulsion-reafirmante-corporal-con-coenzima-q,Emulsión Reafirmante Corporal con Coenzima Q,"Mejora la firmeza y densidad de los tejidos, vehiculiza las grasas. Presentación: Frascos 250 / 500 ml. Producto original LACA. Asesoramiento personalizado por WhatsApp y envíos a todo el país (gratis desde $70.000).",in stock,new,36200 ARS,https://espanholsmo-design.github.io/silvina-beauty/#catalogo,https://acdn-us.mitiendanube.com/stores/001/249/897/products/emulsion-reafirmante-corporal-con-coenzima-q-2f92fc5767cc296b4d17855245216240-480-0.webp,LACA,Health & Beauty > Personal Care > Cosmetics > Skin Care,Corporales
leche-corporal-con-vitamina-a,Leche Corporal con Vitamina A,Protectora y revitalizante; indicada para evitar estrías en embarazo y postparto. Presentación: Frasco 250 ml. Producto original LACA. Asesoramiento personalizado por WhatsApp y envíos a todo el país (gratis desde $70.000).,in stock,new,44000 ARS,https://espanholsmo-design.github.io/silvina-beauty/#catalogo,https://acdn-us.mitiendanube.com/stores/001/249/897/products/leche-corporal-con-vitamina-a-fd670266e29f3bc76817855325453348-480-0.webp,LACA,Health & Beauty > Personal Care > Cosmetics > Skin Care,Corporales
gel-modelador-intensivo,Gel Modelador Intensivo,Favorece la vehiculización de grasas y toxinas acumuladas. Presentación: Frasco 250 ml. Producto original LACA. Asesoramiento personalizado por WhatsApp y envíos a todo el país (gratis desde $70.000).,in stock,new,43340 ARS,https://espanholsmo-design.github.io/silvina-beauty/#catalogo,https://acdn-us.mitiendanube.com/stores/001/249/897/products/gel-modelador-intensivo-0da14fc7197f7d11b317855241283857-480-0.webp,LACA,Health & Beauty > Personal Care > Cosmetics > Skin Care,Corporales
bruma-integral-con-cafeina-y-arnica,Bruma Integral con Cafeína y Árnica,Favorece la circulación de retorno y mejora el aspecto de la piel con celulitis. Presentación: Frascos 100 / 250 ml. Producto original LACA. Asesoramiento personalizado por WhatsApp y envíos a todo el país (gratis desde $70.000).,in stock,new,24090 ARS,https://espanholsmo-design.github.io/silvina-beauty/#catalogo,https://espanholsmo-design.github.io/silvina-beauty/fotos/bruma-integral-con-cafeina-y-arnica.webp,LACA,Health & Beauty > Personal Care > Cosmetics > Skin Care,Corporales
emulsion-corporal-multitratamiento,Emulsión Corporal Multitratamiento,"Mejora firmeza y densidad de tejidos, reafirma glúteos, brazos y piernas. Presentación: Pote 250 ml. Producto original LACA. Asesoramiento personalizado por WhatsApp y envíos a todo el país (gratis desde $70.000).",in stock,new,43890 ARS,https://espanholsmo-design.github.io/silvina-beauty/#catalogo,https://acdn-us.mitiendanube.com/stores/001/249/897/products/emulsion-corporal-multitratamiento-ad2c70749e805b8bad17866366892227-480-0.webp,LACA,Health & Beauty > Personal Care > Cosmetics > Skin Care,Corporales
crema-ultra-relajante,Crema Ultra Relajante,Para masajes de relajación y con piedras calientes/frías. Presentación: Pote 250 gr. Producto original LACA. Asesoramiento personalizado por WhatsApp y envíos a todo el país (gratis desde $70.000).,in stock,new,52000 ARS,https://espanholsmo-design.github.io/silvina-beauty/#catalogo,https://acdn-us.mitiendanube.com/stores/001/249/897/products/crema-ultra-relajante-e11064539dbb4831a617854286759568-480-0.webp,LACA,Health & Beauty > Personal Care > Cosmetics > Skin Care,Corporales
crema-corporal-con-chocolate-y-fosfatidilcolina,Crema Corporal con Chocolate y Fosfatidilcolina,"Acción lipolítica rápida, mejora notablemente la celulitis. Presentación: Pote 480 gr. Producto original LACA. Asesoramiento personalizado por WhatsApp y envíos a todo el país (gratis desde $70.000).",in stock,new,77000 ARS,https://espanholsmo-design.github.io/silvina-beauty/#catalogo,https://espanholsmo-design.github.io/silvina-beauty/fotos/crema-corporal-con-chocolate-y-fosfatidilcolina.webp,LACA,Health & Beauty > Personal Care > Cosmetics > Skin Care,Corporales
scrub-corporal-activo,Scrub Corporal Activo,"Renueva y rejuvenece, activos específicos para celulitis. Presentación: Potes 160 / 250 gr. Producto original LACA. Asesoramiento personalizado por WhatsApp y envíos a todo el país (gratis desde $70.000).",in stock,new,67000 ARS,https://espanholsmo-design.github.io/silvina-beauty/#catalogo,https://acdn-us.mitiendanube.com/stores/001/249/897/products/scrub-corporal-activo-250gr-c9bb5d0caf69c70ba317853458688541-480-0.webp,LACA,Health & Beauty > Personal Care > Cosmetics > Skin Care,Corporales
criogel-reafirmante,Criogel Reafirmante,Sensación intensa de frío que ayuda a lograr tejidos más firmes. Presentación: Potes 250 / 450 ml. Producto original LACA. Asesoramiento personalizado por WhatsApp y envíos a todo el país (gratis desde $70.000).,in stock,new,40480 ARS,https://espanholsmo-design.github.io/silvina-beauty/#catalogo,https://acdn-us.mitiendanube.com/stores/001/249/897/products/criogel-reafirmante-b129adcc0f949074e417867380315530-480-0.webp,LACA,Health & Beauty > Personal Care > Cosmetics > Skin Care,Corporales
vital-body-emulsion,Vital Body Emulsion,"Reduce el inflammaging corporal, no deja oleosidad. Presentación: Pote 250 ml. Producto original LACA. Asesoramiento personalizado por WhatsApp y envíos a todo el país (gratis desde $70.000).",in stock,new,51700 ARS,https://espanholsmo-design.github.io/silvina-beauty/#catalogo,https://acdn-us.mitiendanube.com/stores/001/249/897/products/chatgpt-image-14-jul-2026-12_57_18-1-c7700c81923be2095417857972408120-480-0.webp,LACA,Health & Beauty > Personal Care > Cosmetics > Skin Care,Corporales
oleo-corporal-dual,Óleo Corporal Dual,"Para masajes descontracturantes, de relax y drenaje linfático. Presentación: Frasco 100 ml. Producto original LACA. Asesoramiento personalizado por WhatsApp y envíos a todo el país (gratis desde $70.000).",in stock,new,19000 ARS,https://espanholsmo-design.github.io/silvina-beauty/#catalogo,https://acdn-us.mitiendanube.com/stores/001/249/897/products/oleo-corporal-dual-8981987f75918b84af17866387442016-480-0.webp,LACA,Health & Beauty > Personal Care > Cosmetics > Skin Care,Corporales
crema-celulitis-iii,Crema Celulitis III,Favorece el drenaje de líquidos y la microcirculación. Reduce el volumen corporal. Presentación: Pote 250 gr. Producto original LACA. Asesoramiento personalizado por WhatsApp y envíos a todo el país (gratis desde $70.000).,in stock,new,59400 ARS,https://espanholsmo-design.github.io/silvina-beauty/#catalogo,https://acdn-us.mitiendanube.com/stores/001/249/897/products/crema-celulitis-iii-0d4d832827b2b6213317894906379137-480-0.webp,LACA,Health & Beauty > Personal Care > Cosmetics > Skin Care,Corporales
emulsion-protectora-fps-60-con-color,Emulsión Protectora FPS 60 con Color,Protección solar extrema con bronceado progresivo suave. Presentación: Pomo 70 gr. Producto original LACA. Asesoramiento personalizado por WhatsApp y envíos a todo el país (gratis desde $70.000).,in stock,new,51700 ARS,https://espanholsmo-design.github.io/silvina-beauty/#catalogo,https://acdn-us.mitiendanube.com/stores/001/249/897/products/emulsion-protectora-con-color-fps-60-0930d4db088aae61c217855289608342-480-0.webp,LACA,Health & Beauty > Personal Care > Cosmetics > Skin Care,Protección Solar
balsamo-protector-de-labios,Bálsamo Protector de Labios,"Nutre e hidrata los labios, previene la resequedad. Presentación: 3 gr. Producto original LACA. Asesoramiento personalizado por WhatsApp y envíos a todo el país (gratis desde $70.000).",in stock,new,21340 ARS,https://espanholsmo-design.github.io/silvina-beauty/#catalogo,https://espanholsmo-design.github.io/silvina-beauty/fotos/balsamo-protector-de-labios.webp,LACA,Health & Beauty > Personal Care > Cosmetics > Skin Care,Protección Solar
balsamo-protector-de-labios-cherry,Bálsamo Protector de Labios Cherry,"Igual fórmula, con suave color rosa. Presentación: 3 gr. Producto original LACA. Asesoramiento personalizado por WhatsApp y envíos a todo el país (gratis desde $70.000).",in stock,new,21340 ARS,https://espanholsmo-design.github.io/silvina-beauty/#catalogo,https://espanholsmo-design.github.io/silvina-beauty/fotos/balsamo-protector-de-labios-cherry.webp,LACA,Health & Beauty > Personal Care > Cosmetics > Skin Care,Protección Solar
crema-humectante-y-protectora-para-piel-sensible,Crema Humectante y Protectora para Piel Sensible,"Humecta en profundidad y protege en climas extremos, ideal post peeling. Presentación: Pomo 140 gr. Producto original LACA. Asesoramiento personalizado por WhatsApp y envíos a todo el país (gratis desde $70.000).",in stock,new,37620 ARS,https://espanholsmo-design.github.io/silvina-beauty/#catalogo,https://acdn-us.mitiendanube.com/stores/001/249/897/products/crema-humectante-y-protectora-para-piel-sensible-45291b98dc9ec13ede17867219553136-480-0.webp,LACA,Health & Beauty > Personal Care > Cosmetics > Skin Care,Protección Solar
filtro-solar-invisible-fps-30,Filtro Solar Invisible FPS 30,"Spray oil free transparente, alta protección UVA/UVB de rápida absorción. Presentación: Frasco 145 ml. Producto original LACA. Asesoramiento personalizado por WhatsApp y envíos a todo el país (gratis desde $70.000).",in stock,new,44220 ARS,https://espanholsmo-design.github.io/silvina-beauty/#catalogo,https://acdn-us.mitiendanube.com/stores/001/249/897/products/filtro-solar-invisible-fps-30-6e13add46e50a9b70517855290986620-480-0.webp,LACA,Health & Beauty > Personal Care > Cosmetics > Skin Care,Protección Solar
filtro-solar-invisible-fps-50,Filtro Solar Invisible FPS 50,"Spray oil free transparente, alta protección UVA/UVB inmediata. Presentación: Frasco 145 ml. Producto original LACA. Asesoramiento personalizado por WhatsApp y envíos a todo el país (gratis desde $70.000).",in stock,new,44220 ARS,https://espanholsmo-design.github.io/silvina-beauty/#catalogo,https://acdn-us.mitiendanube.com/stores/001/249/897/products/filtro-solar-invisible-fps-30-6e13add46e50a9b70517855290986620-480-0.webp,LACA,Health & Beauty > Personal Care > Cosmetics > Skin Care,Protección Solar
autobronceante-activador,Autobronceante Activador,"Bronceado natural, gradual y duradero en pocas horas. Presentación: Frasco 145 ml. Producto original LACA. Asesoramiento personalizado por WhatsApp y envíos a todo el país (gratis desde $70.000).",in stock,new,42900 ARS,https://espanholsmo-design.github.io/silvina-beauty/#catalogo,https://espanholsmo-design.github.io/silvina-beauty/fotos/autobronceante-activador.webp,LACA,Health & Beauty > Personal Care > Cosmetics > Skin Care,Protección Solar
spray-post-solar,Spray Post Solar,"Efecto calmante, alivia el enrojecimiento e hidrata tras el sol. Presentación: Frasco 15 ml. Producto original LACA. Asesoramiento personalizado por WhatsApp y envíos a todo el país (gratis desde $70.000).",in stock,new,31350 ARS,https://espanholsmo-design.github.io/silvina-beauty/#catalogo,https://acdn-us.mitiendanube.com/stores/001/249/897/products/spray-post-solar-f8443dbafc8596aed817855287691882-480-0.webp,LACA,Health & Beauty > Personal Care > Cosmetics > Skin Care,Protección Solar
emulsion-protectora-fps-34,Emulsión Protectora FPS 34,Protección UVA/UVB para pieles moderadamente sensibles al sol. Presentación: Frasco 130 ml. Producto original LACA. Asesoramiento personalizado por WhatsApp y envíos a todo el país (gratis desde $70.000).,in stock,new,55770 ARS,https://espanholsmo-design.github.io/silvina-beauty/#catalogo,https://acdn-us.mitiendanube.com/stores/001/249/897/products/emulsion-protectora-fps-34-cd39621cc67e9e39de17855293089534-480-0.webp,LACA,Health & Beauty > Personal Care > Cosmetics > Skin Care,Protección Solar
emulsion-protectora-fps-21,Emulsión Protectora FPS 21,Protección UVA/UVB para pieles menos sensibles al sol. Presentación: Frasco 130 ml. Producto original LACA. Asesoramiento personalizado por WhatsApp y envíos a todo el país (gratis desde $70.000).,in stock,new,45870 ARS,https://espanholsmo-design.github.io/silvina-beauty/#catalogo,https://acdn-us.mitiendanube.com/stores/001/249/897/products/emulsion-protectora-fps-21-75d3c6098a8acc442817855294085500-480-0.webp,LACA,Health & Beauty > Personal Care > Cosmetics > Skin Care,Protección Solar
ultra-fluido-fps-60,Ultra Fluido FPS 60,"Alta protección solar, Oil Control, no deja residuo. Para todo tipo de piel. Presentación: Frasco 60 ml. Producto original LACA. Asesoramiento personalizado por WhatsApp y envíos a todo el país (gratis desde $70.000).",in stock,new,67100 ARS,https://espanholsmo-design.github.io/silvina-beauty/#catalogo,https://acdn-us.mitiendanube.com/stores/001/249/897/products/protector-solar-fps60-ultra-fluido-38ace4fd967b3710a117853441593093-480-0.webp,LACA,Health & Beauty > Personal Care > Cosmetics > Skin Care,Protección Solar
bioactivador-capilar,Bioactivador Capilar,"Favorece el crecimiento del cabello, reactiva las células madre del folículo. Presentación: Frasco 100 ml. Producto original LACA. Asesoramiento personalizado por WhatsApp y envíos a todo el país (gratis desde $70.000).",in stock,new,48290 ARS,https://espanholsmo-design.github.io/silvina-beauty/#catalogo,https://espanholsmo-design.github.io/silvina-beauty/fotos/bioactivador-capilar.webp,LACA,Health & Beauty > Personal Care > Cosmetics > Skin Care,Capilares
ampollas-control-caida,Ampollas Control Caída,"Previene la caída, aumenta grosor y volumen del cabello. Presentación: 5 ampollas x 10 ml. Producto original LACA. Asesoramiento personalizado por WhatsApp y envíos a todo el país (gratis desde $70.000).",in stock,new,31790 ARS,https://espanholsmo-design.github.io/silvina-beauty/#catalogo,https://espanholsmo-design.github.io/silvina-beauty/fotos/ampollas-control-caida.webp,LACA,Health & Beauty > Personal Care > Cosmetics > Skin Care,Capilares
shampoo-biocauterizante,Shampoo Biocauterizante,Repara la queratina y colágeno perdidos en procesos químicos como alisados. Presentación: Frasco 200 ml. Producto original LACA. Asesoramiento personalizado por WhatsApp y envíos a todo el país (gratis desde $70.000).,in stock,new,26400 ARS,https://espanholsmo-design.github.io/silvina-beauty/#catalogo,https://acdn-us.mitiendanube.com/stores/001/249/897/products/shampoo-biocauterizante-619549f4b2b86af58517857974761908-480-0.webp,LACA,Health & Beauty > Personal Care > Cosmetics > Skin Care,Capilares
shampoo-sebonormalizante-con-tea-tree-oil,Shampoo Sebonormalizante con Tea Tree Oil,Equilibra la oleosidad del cuero cabelludo graso y seborreico. Presentación: Frasco 200 ml. Producto original LACA. Asesoramiento personalizado por WhatsApp y envíos a todo el país (gratis desde $70.000).,in stock,new,28820 ARS,https://espanholsmo-design.github.io/silvina-beauty/#catalogo,https://acdn-us.mitiendanube.com/stores/001/249/897/products/shampoo-sebonormalizante-con-tea-tree-oil-4d26af54e82e8af93b17855315744107-480-0.webp,LACA,Health & Beauty > Personal Care > Cosmetics > Skin Care,Capilares
shampoo-para-la-caida,Shampoo para la Caída,Mejora la caída y fortaleza del cabello. Presentación: Frasco 200 ml. Producto original LACA. Asesoramiento personalizado por WhatsApp y envíos a todo el país (gratis desde $70.000).,in stock,new,28270 ARS,https://espanholsmo-design.github.io/silvina-beauty/#catalogo,https://acdn-us.mitiendanube.com/stores/001/249/897/products/shampoo-para-la-caida-con-hgs-4244076dc29dd6b12817855257150702-480-0.webp,LACA,Health & Beauty > Personal Care > Cosmetics > Skin Care,Capilares
shampoo-antiage,Shampoo Antiage,"Protege, nutre y repara el cabello dañado por sol, planchita y tinturas. Presentación: Frasco 200 ml. Producto original LACA. Asesoramiento personalizado por WhatsApp y envíos a todo el país (gratis desde $70.000).",in stock,new,20000 ARS,https://espanholsmo-design.github.io/silvina-beauty/#catalogo,https://acdn-us.mitiendanube.com/stores/001/249/897/products/shampoo-antiage-6790b0142b40b6a1db17855258901810-480-0.webp,LACA,Health & Beauty > Personal Care > Cosmetics > Skin Care,Capilares
crema-antiage-para-manos-con-vitaminas,Crema Antiage para Manos con Vitaminas,"Recupera, mantiene y protege la piel de manos, brazos y codos. Presentación: Pomo 70 / 250 gr. Producto original LACA. Asesoramiento personalizado por WhatsApp y envíos a todo el país (gratis desde $70.000).",in stock,new,29040 ARS,https://espanholsmo-design.github.io/silvina-beauty/#catalogo,https://espanholsmo-design.github.io/silvina-beauty/fotos/crema-antiage-para-manos-con-vitaminas.webp,LACA,Health & Beauty > Personal Care > Cosmetics > Skin Care,Manos y Pies
crema-para-manos-con-acido-hialuronico,Crema para Manos con Ácido Hialurónico,"Humecta, suaviza y regenera la piel. Presentación: Pomo 70 gr. Producto original LACA. Asesoramiento personalizado por WhatsApp y envíos a todo el país (gratis desde $70.000).",in stock,new,18590 ARS,https://espanholsmo-design.github.io/silvina-beauty/#catalogo,https://acdn-us.mitiendanube.com/stores/001/249/897/products/crema-para-manos-con-acido-hialuronico-c504c484fa20b7685017857926135697-480-0.webp,LACA,Health & Beauty > Personal Care > Cosmetics > Skin Care,Manos y Pies
crema-deportiva-y-restauradora-para-pies,Crema Deportiva y Restauradora para Pies,"Mejora la textura y suavidad de la piel de los pies, reduce sequedad. Presentación: Pote 160 gr. Producto original LACA. Asesoramiento personalizado por WhatsApp y envíos a todo el país (gratis desde $70.000).",in stock,new,39380 ARS,https://espanholsmo-design.github.io/silvina-beauty/#catalogo,https://espanholsmo-design.github.io/silvina-beauty/fotos/crema-deportiva-y-restauradora-para-pies.webp,LACA,Health & Beauty > Personal Care > Cosmetics > Skin Care,Manos y Pies
crema-hidratante-perfumada-f3,Crema Hidratante Perfumada F3,"Humecta, suaviza y perfuma la piel con fragancia floral oriental. Presentación: Pomo 70 gr. Producto original LACA. Asesoramiento personalizado por WhatsApp y envíos a todo el país (gratis desde $70.000).",in stock,new,30360 ARS,https://espanholsmo-design.github.io/silvina-beauty/#catalogo,https://espanholsmo-design.github.io/silvina-beauty/fotos/crema-hidratante-perfumada-f3.webp,LACA,Health & Beauty > Personal Care > Cosmetics > Skin Care,Manos y Pies
balsamo-after-shave,Bálsamo After Shave,"Hidrata, repara y descongestiona la piel luego del afeitado. Presentación: Pomo 70 gr. Producto original LACA. Asesoramiento personalizado por WhatsApp y envíos a todo el país (gratis desde $70.000).",in stock,new,42899 ARS,https://espanholsmo-design.github.io/silvina-beauty/#catalogo,https://espanholsmo-design.github.io/silvina-beauty/fotos/balsamo-after-shave.webp,LACA,Health & Beauty > Personal Care > Cosmetics > Skin Care,Cuidados Masculinos
emulsion-energia-vital,Emulsión Energía Vital,"Protege la piel de las agresiones del medio, atenúa arrugas superficiales. Presentación: Frasco 70 ml. Producto original LACA. Asesoramiento personalizado por WhatsApp y envíos a todo el país (gratis desde $70.000).",in stock,new,45320 ARS,https://espanholsmo-design.github.io/silvina-beauty/#catalogo,https://acdn-us.mitiendanube.com/stores/001/249/897/products/emulsion-energia-vital-9faf5a667381b5094c17855212865707-480-0.webp,LACA,Health & Beauty > Personal Care > Cosmetics > Skin Care,Cuidados Masculinos
serum-reparador-antiage,Sérum Reparador Antiage,Mejora la expresión y el cansancio del contorno de ojos. Presentación: Frasco 15 ml. Producto original LACA. Asesoramiento personalizado por WhatsApp y envíos a todo el país (gratis desde $70.000).,in stock,new,49060 ARS,https://espanholsmo-design.github.io/silvina-beauty/#catalogo,https://acdn-us.mitiendanube.com/stores/001/249/897/products/serum-reparador-antiage-3654f2d93454bf51f017855277573150-480-0.webp,LACA,Health & Beauty > Personal Care > Cosmetics > Skin Care,Cuidados Masculinos
emulsion-hidratante-enigmatica-mango-y-miel,Emulsión Hidratante Enigmática Mango y Miel,"Hidratación extrema, piel aterciopelada con destellos plateados. Presentación: Frasco 240 ml. Producto original LACA. Asesoramiento personalizado por WhatsApp y envíos a todo el país (gratis desde $70.000).",in stock,new,22000 ARS,https://espanholsmo-design.github.io/silvina-beauty/#catalogo,https://acdn-us.mitiendanube.com/stores/001/249/897/products/emulsion-hidratante-corporal-sensorial-3a4a356a57acc2ab3017855249678814-480-0.webp,LACA,Health & Beauty > Personal Care > Cosmetics > Skin Care,Sensorial
emulsion-hidratante-ilusion-frutos-del-bosque-patagonico,Emulsión Hidratante Ilusión Frutos del Bosque Patagónico,Hidratación extrema con sensación de frescura durante el masaje. Presentación: Frasco 240 ml. Producto original LACA. Asesoramiento personalizado por WhatsApp y envíos a todo el país (gratis desde $70.000).,in stock,new,22000 ARS,https://espanholsmo-design.github.io/silvina-beauty/#catalogo,https://acdn-us.mitiendanube.com/stores/001/249/897/products/emulsion-hidratante-corporal-sensorial-3a4a356a57acc2ab3017855249678814-480-0.webp,LACA,Health & Beauty > Personal Care > Cosmetics > Skin Care,Sensorial
emulsion-hidratante-salvaje-fragancia-frutal,Emulsión Hidratante Salvaje fragancia frutal,"Hidratación extrema, piel aterciopelada, sensación de frescura y elasticidad. Presentación: Frasco 240 ml. Producto original LACA. Asesoramiento personalizado por WhatsApp y envíos a todo el país (gratis desde $70.000).",in stock,new,22000 ARS,https://espanholsmo-design.github.io/silvina-beauty/#catalogo,https://acdn-us.mitiendanube.com/stores/001/249/897/products/emulsion-hidratante-corporal-sensorial-3a4a356a57acc2ab3017855249678814-480-0.webp,LACA,Health & Beauty > Personal Care > Cosmetics > Skin Care,Sensorial
emulsion-hidratante-fresca-lilas-gardenias-y-vainilla,"Emulsión Hidratante Fresca lilas, gardenias y vainilla","Hidratación extrema, excelente sensorial y piel aterciopelada. Presentación: Frasco 240 ml. Producto original LACA. Asesoramiento personalizado por WhatsApp y envíos a todo el país (gratis desde $70.000).",in stock,new,22000 ARS,https://espanholsmo-design.github.io/silvina-beauty/#catalogo,https://acdn-us.mitiendanube.com/stores/001/249/897/products/emulsion-hidratante-corporal-sensorial-3a4a356a57acc2ab3017855249678814-480-0.webp,LACA,Health & Beauty > Personal Care > Cosmetics > Skin Care,Sensorial
body-splash-vainilla-de-tahiti,Body Splash Vainilla de Tahití,Aroma delicado y sensual de larga durabilidad. Presentación: Frasco 125 ml. Producto original LACA. Asesoramiento personalizado por WhatsApp y envíos a todo el país (gratis desde $70.000).,in stock,new,17500 ARS,https://espanholsmo-design.github.io/silvina-beauty/#catalogo,https://espanholsmo-design.github.io/silvina-beauty/fotos/body-splash-vainilla-de-tahiti.webp,LACA,Health & Beauty > Personal Care > Cosmetics > Skin Care,Sensorial
body-splash-azucar-de-coco,Body Splash Azúcar de Coco,Aromas juveniles y deslumbrantes. Presentación: Frasco 125 ml. Producto original LACA. Asesoramiento personalizado por WhatsApp y envíos a todo el país (gratis desde $70.000).,in stock,new,17500 ARS,https://espanholsmo-design.github.io/silvina-beauty/#catalogo,https://acdn-us.mitiendanube.com/stores/001/249/897/products/chatgpt-image-14-jul-2026-10_04_25-p-m-1-a661f20f2f7352e9e917857969598970-480-0.webp,LACA,Health & Beauty > Personal Care > Cosmetics > Skin Care,Sensorial
body-splash-flor-de-tiare,Body Splash Flor de Tiare,Aroma delicado y enérgico del universo femenino. Presentación: Frasco 125 ml. Producto original LACA. Asesoramiento personalizado por WhatsApp y envíos a todo el país (gratis desde $70.000).,in stock,new,17500 ARS,https://espanholsmo-design.github.io/silvina-beauty/#catalogo,https://acdn-us.mitiendanube.com/stores/001/249/897/products/chatgpt-image-14-jul-2026-10_04_25-p-m-1-a661f20f2f7352e9e917857969598970-480-0.webp,LACA,Health & Beauty > Personal Care > Cosmetics > Skin Care,Sensorial
aceite-esencial-eucalipto,Aceite Esencial Eucalipto,Aroma fresco y penetrante para tratamientos cosméticos o hidroterapia. Presentación: Gotero 10 ml. Producto original LACA. Asesoramiento personalizado por WhatsApp y envíos a todo el país (gratis desde $70.000).,in stock,new,35530 ARS,https://espanholsmo-design.github.io/silvina-beauty/#catalogo,https://espanholsmo-design.github.io/silvina-beauty/fotos/aceite-esencial-eucalipto.webp,LACA,Health & Beauty > Personal Care > Cosmetics > Skin Care,Sensorial
aceite-esencial-tea-tree,Aceite Esencial Tea Tree,"Aliado en pieles con acné, normalizador de la microflora cutánea. Presentación: Gotero 10 ml. Producto original LACA. Asesoramiento personalizado por WhatsApp y envíos a todo el país (gratis desde $70.000).",in stock,new,37400 ARS,https://espanholsmo-design.github.io/silvina-beauty/#catalogo,https://espanholsmo-design.github.io/silvina-beauty/fotos/aceite-esencial-tea-tree.webp,LACA,Health & Beauty > Personal Care > Cosmetics > Skin Care,Sensorial
aceite-esencial-lavanda,Aceite Esencial Lavanda,"Ayuda a nivelar el estrés y la ansiedad, promueve la relajación. Presentación: Gotero 10 ml. Producto original LACA. Asesoramiento personalizado por WhatsApp y envíos a todo el país (gratis desde $70.000).",in stock,new,35420 ARS,https://espanholsmo-design.github.io/silvina-beauty/#catalogo,https://espanholsmo-design.github.io/silvina-beauty/fotos/aceite-esencial-lavanda.webp,LACA,Health & Beauty > Personal Care > Cosmetics > Skin Care,Sensorial
aceite-esencial-romero,Aceite Esencial Romero,Ayuda a mejorar la concentración y la memoria. Presentación: Gotero 10 ml. Producto original LACA. Asesoramiento personalizado por WhatsApp y envíos a todo el país (gratis desde $70.000).,in stock,new,34320 ARS,https://espanholsmo-design.github.io/silvina-beauty/#catalogo,https://espanholsmo-design.github.io/silvina-beauty/fotos/aceite-esencial-romero.webp,LACA,Health & Beauty > Personal Care > Cosmetics > Skin Care,Sensorial
aceite-esencial-sumun-31,Aceite Esencial Sumun 31,"Blend purificante, tonificante y relajante de varios aceites esenciales. Presentación: Gotero 10 ml. Producto original LACA. Asesoramiento personalizado por WhatsApp y envíos a todo el país (gratis desde $70.000).",in stock,new,38060 ARS,https://espanholsmo-design.github.io/silvina-beauty/#catalogo,https://espanholsmo-design.github.io/silvina-beauty/fotos/aceite-esencial-sumun-31.webp,LACA,Health & Beauty > Personal Care > Cosmetics > Skin Care,Sensorial
fragancia-masculina-1-m1,Fragancia Masculina 1 M1,"Fresca y envolvente, notas cítricas y marinas. Fondo de madera de Guaiac y ámbar gris. Presentación: Frasco 55 ml. Producto original LACA. Asesoramiento personalizado por WhatsApp y envíos a todo el país (gratis desde $70.000).",in stock,new,45430 ARS,https://espanholsmo-design.github.io/silvina-beauty/#catalogo,https://acdn-us.mitiendanube.com/stores/001/249/897/products/fragancia-masculina-m1-8a0bb71c885c1608f017855206997203-480-0.webp,LACA,Health & Beauty > Personal Care > Cosmetics > Skin Care,Fragancias
fragancia-masculina-2-m2,Fragancia Masculina 2 M2,"Perdurable y enérgica, notas florales y amaderadas. Fondo de cedro, sándalo y vainilla. Presentación: Frasco 55 ml. Producto original LACA. Asesoramiento personalizado por WhatsApp y envíos a todo el país (gratis desde $70.000).",in stock,new,54890 ARS,https://espanholsmo-design.github.io/silvina-beauty/#catalogo,https://acdn-us.mitiendanube.com/stores/001/249/897/products/fragancia-masculina-m2-55ml-7eeabf0f710cd0256617853495336685-480-0.webp,LACA,Health & Beauty > Personal Care > Cosmetics > Skin Care,Fragancias
my-cleaner-gel-exfoliante,My Cleaner Gel Exfoliante,Limpia y mejora la textura de la piel sin agredir. Apto para pieles sensibles. Presentación: Pomo 140 gr. Producto original LACA. Asesoramiento personalizado por WhatsApp y envíos a todo el país (gratis desde $70.000).,in stock,new,29480 ARS,https://espanholsmo-design.github.io/silvina-beauty/#catalogo,https://acdn-us.mitiendanube.com/stores/001/249/897/products/my-cleaner-gel-exfoliante-laca-teens-a7e2503d91a9ccd52f17855274311143-480-0.webp,LACA,Health & Beauty > Personal Care > Cosmetics > Skin Care,Teens
stop-estrias-emulgel,Stop Estrías Emulgel,"Rehidrata la piel mejorando su firmeza, reduce y previene estrías. Presentación: Frasco 250 ml. Producto original LACA. Asesoramiento personalizado por WhatsApp y envíos a todo el país (gratis desde $70.000).",in stock,new,38170 ARS,https://espanholsmo-design.github.io/silvina-beauty/#catalogo,https://acdn-us.mitiendanube.com/stores/001/249/897/products/stop-estrias-emulgel-laca-teens-d4504276620bed34ee17855272614751-480-0.webp,LACA,Health & Beauty > Personal Care > Cosmetics > Skin Care,Teens
locion-matificante,Loción Matificante,"Regula el brillo del rostro, ideal para pieles grasas, mixtas o seborreicas. Presentación: Frasco 100 / 250 ml. Producto original LACA. Asesoramiento personalizado por WhatsApp y envíos a todo el país (gratis desde $70.000).",in stock,new,25300 ARS,https://espanholsmo-design.github.io/silvina-beauty/#catalogo,https://acdn-us.mitiendanube.com/stores/001/249/897/products/locion-matificante-laca-teens-adc696bfa58c105b5c17855261837716-480-0.webp,LACA,Health & Beauty > Personal Care > Cosmetics > Skin Care,Teens
crema-light,Crema Light,Elimina restos de maquillaje e impurezas sin masaje excesivo. Presentación: Pote 45 g. Producto original LACA. Asesoramiento personalizado por WhatsApp y envíos a todo el país (gratis desde $70.000).,in stock,new,16170 ARS,https://espanholsmo-design.github.io/silvina-beauty/#catalogo,https://acdn-us.mitiendanube.com/stores/001/249/897/products/crema-light-c3f968134e64a781a317854426800815-480-0.webp,LACA,Health & Beauty > Personal Care > Cosmetics > Skin Care,Laca Beauty
serum-cremoso,Sérum Cremoso,"Hidratación y humectación profunda, mejora la firmeza del óvalo facial. Presentación: Pote 45 g. Producto original LACA. Asesoramiento personalizado por WhatsApp y envíos a todo el país (gratis desde $70.000).",in stock,new,25000 ARS,https://espanholsmo-design.github.io/silvina-beauty/#catalogo,https://acdn-us.mitiendanube.com/stores/001/249/897/products/serum-cremoso-658a71ef1875128b4a17857952964929-480-0.webp,LACA,Health & Beauty > Personal Care > Cosmetics > Skin Care,Laca Beauty
mousse-de-dia,Mousse de Día,"Hidratación diaria eficaz, mantiene la piel lozana y turgente. Presentación: Pote 45 g. Producto original LACA. Asesoramiento personalizado por WhatsApp y envíos a todo el país (gratis desde $70.000).",in stock,new,27170 ARS,https://espanholsmo-design.github.io/silvina-beauty/#catalogo,https://acdn-us.mitiendanube.com/stores/001/249/897/products/mousse-de-dia-14f45a253237fc250717854440778499-480-0.webp,LACA,Health & Beauty > Personal Care > Cosmetics > Skin Care,Laca Beauty
agua-facial,Agua Facial,"Calma, humecta y refresca la piel con rasgos enrojecidos. Presentación: Frasco 100 ml. Producto original LACA. Asesoramiento personalizado por WhatsApp y envíos a todo el país (gratis desde $70.000).",in stock,new,15070 ARS,https://espanholsmo-design.github.io/silvina-beauty/#catalogo,https://espanholsmo-design.github.io/silvina-beauty/fotos/agua-facial.webp,LACA,Health & Beauty > Personal Care > Cosmetics > Skin Care,Laca Beauty
leche-corporal,Leche Corporal,"Acción protectora, regeneradora y revitalizante de los tejidos. Presentación: Frasco 200 ml. Producto original LACA. Asesoramiento personalizado por WhatsApp y envíos a todo el país (gratis desde $70.000).",in stock,new,44000 ARS,https://espanholsmo-design.github.io/silvina-beauty/#catalogo,https://acdn-us.mitiendanube.com/stores/001/249/897/products/leche-corporal-con-vitamina-a-fd670266e29f3bc76817855325453348-480-0.webp,LACA,Health & Beauty > Personal Care > Cosmetics > Skin Care,Laca Beauty
leche-de-limpieza-con-regaliz-y-activos-vegetales-2,Leche de limpieza con regaliz y activos vegetales, Presentación: 100ml. Producto original LACA. Asesoramiento personalizado por WhatsApp y envíos a todo el país (gratis desde $70.000).,in stock,new,27280 ARS,https://espanholsmo-design.github.io/silvina-beauty/#catalogo,https://acdn-us.mitiendanube.com/stores/001/249/897/products/chatgpt-image-29-jun-2026-01_24_26-p-m-4c3a83c48dc15f7fab17827505071400-480-0.webp,LACA,Health & Beauty > Personal Care > Cosmetics > Skin Care,Cuidados Básicos
concentrado-hidronutriente,Concentrado hidronutriente, Presentación: 70ml. Producto original LACA. Asesoramiento personalizado por WhatsApp y envíos a todo el país (gratis desde $70.000).,in stock,new,51150 ARS,https://espanholsmo-design.github.io/silvina-beauty/#catalogo,https://acdn-us.mitiendanube.com/stores/001/249/897/products/concentrado-hidronutriente-con-tamarindo-y-trebol-rojo-63aff2fc044733a96617865546559859-480-0.webp,LACA,Health & Beauty > Personal Care > Cosmetics > Skin Care,Antiage
crema-reparadora-con-ceramidas,Crema reparadora con ceramidas, Presentación: 160ml. Producto original LACA. Asesoramiento personalizado por WhatsApp y envíos a todo el país (gratis desde $70.000).,in stock,new,59840 ARS,https://espanholsmo-design.github.io/silvina-beauty/#catalogo,https://acdn-us.mitiendanube.com/stores/001/249/897/products/crema-raparadora-con-ceramidas-34c2cffed7f7eea1ef17854432573601-480-0.webp,LACA,Health & Beauty > Personal Care > Cosmetics > Skin Care,Antiage
crema-nutritiva-con-mix-antiage-de-soja,Crema nutritiva con mix antiage de soja, Presentación: 160ml. Producto original LACA. Asesoramiento personalizado por WhatsApp y envíos a todo el país (gratis desde $70.000).,in stock,new,50160 ARS,https://espanholsmo-design.github.io/silvina-beauty/#catalogo,https://acdn-us.mitiendanube.com/stores/001/249/897/products/crema-nutritiva-con-mix-antiage-de-soja-9650e2272df3458fd717857939737128-480-0.webp,LACA,Health & Beauty > Personal Care > Cosmetics > Skin Care,Antiage
crema-nutritiva-con-vitaminas-a-y-e,Crema nutritiva con vitaminas A y E, Presentación: 160ml. Producto original LACA. Asesoramiento personalizado por WhatsApp y envíos a todo el país (gratis desde $70.000).,in stock,new,46420 ARS,https://espanholsmo-design.github.io/silvina-beauty/#catalogo,https://acdn-us.mitiendanube.com/stores/001/249/897/products/crema-nutritiva-con-vitamina-a-y-e-b16e461e02aac6074a17857943841868-480-0.webp,LACA,Health & Beauty > Personal Care > Cosmetics > Skin Care,Antiage
crema-hidronutritiva-con-pca,Crema hidronutritiva con PCA, Presentación: 160ml. Producto original LACA. Asesoramiento personalizado por WhatsApp y envíos a todo el país (gratis desde $70.000).,in stock,new,57000 ARS,https://espanholsmo-design.github.io/silvina-beauty/#catalogo,https://acdn-us.mitiendanube.com/stores/001/249/897/products/crema-hidronutritiva-con-pca-538a54bc41761a5a1917857941701789-480-0.webp,LACA,Health & Beauty > Personal Care > Cosmetics > Skin Care,Antiage
mascara-suavizante-con-elastina,Máscara suavizante con elastina, Presentación: 250ml. Producto original LACA. Asesoramiento personalizado por WhatsApp y envíos a todo el país (gratis desde $70.000).,in stock,new,55880 ARS,https://espanholsmo-design.github.io/silvina-beauty/#catalogo,https://acdn-us.mitiendanube.com/stores/001/249/897/products/mascara-suavizante-con-elastina-64a99b370260ba432b17857934042679-480-0.webp,LACA,Health & Beauty > Personal Care > Cosmetics > Skin Care,Antiage
mascara-ilumi-c,Máscara Ilumi-C, Presentación: 50ml. Producto original LACA. Asesoramiento personalizado por WhatsApp y envíos a todo el país (gratis desde $70.000).,in stock,new,60830 ARS,https://espanholsmo-design.github.io/silvina-beauty/#catalogo,https://acdn-us.mitiendanube.com/stores/001/249/897/products/mascarailumic-c280a7a1eb6c010edb17853438046864-480-0.webp,LACA,Health & Beauty > Personal Care > Cosmetics > Skin Care,Antiage
ilumi-clear,Ilumi-Clear, Presentación: 65ml. Producto original LACA. Asesoramiento personalizado por WhatsApp y envíos a todo el país (gratis desde $70.000).,in stock,new,63250 ARS,https://espanholsmo-design.github.io/silvina-beauty/#catalogo,https://acdn-us.mitiendanube.com/stores/001/249/897/products/ilumiclear-a799b3cf4433041aa817853436102862-480-0.webp,LACA,Health & Beauty > Personal Care > Cosmetics > Skin Care,Antiage
vital-glow-hyalu-mask,Vital Glow | Hyalu-Mask, Presentación: 50ml. Producto original LACA. Asesoramiento personalizado por WhatsApp y envíos a todo el país (gratis desde $70.000).,in stock,new,57200 ARS,https://espanholsmo-design.github.io/silvina-beauty/#catalogo,https://acdn-us.mitiendanube.com/stores/001/249/897/products/vitalglow-ced799fcfc1d3ab89b17853432109534-480-0.webp,LACA,Health & Beauty > Personal Care > Cosmetics > Skin Care,Antiage
novo-retinol,Novo Retinol, Presentación: 70ml. Producto original LACA. Asesoramiento personalizado por WhatsApp y envíos a todo el país (gratis desde $70.000).,in stock,new,67870 ARS,https://espanholsmo-design.github.io/silvina-beauty/#catalogo,https://acdn-us.mitiendanube.com/stores/001/249/897/products/novoretinol-1d9c482b6253ffd01e17853422487956-480-0.webp,LACA,Health & Beauty > Personal Care > Cosmetics > Skin Care,Antiage
concentrado-corporal-ionizable-con-poppy,Concentrado Corporal Ionizable con Poppy, Presentación: 70ml. Producto original LACA. Asesoramiento personalizado por WhatsApp y envíos a todo el país (gratis desde $70.000).,in stock,new,16000 ARS,https://espanholsmo-design.github.io/silvina-beauty/#catalogo,https://acdn-us.mitiendanube.com/stores/001/249/897/products/concentrado-corporal-ionizable-con-poppy-c20240fa33286551c717855244213785-480-0.webp,LACA,Health & Beauty > Personal Care > Cosmetics > Skin Care,Corporales
